news_title,news_details,news_date,source_name,event,Political Bias,Social Bias,Comment
"MSP को अधिक प्रभावी बनाने के लिए बनी समिति, संयुक्त किसान मोर्चा के सदस्य शामिल होंगे या नहीं, फैसला आज","जून, 2020 में लाये गये तीन विवादास्पद कृषि कानूनों के खिलाफ चले किसान आंदोलन को समाप्त करने के लिए सरकार और संयुक्त किसान मोर्चा (एसकेएम) के बीच सहमति के बिंदुओं में शामिल न्यूनतम समर्थन मूल्य (एमएसपी) पर समिति गठित करने का वादा किया था.","मंगलवार जुलाई 19, 2022 11:50 AM IST",NDTV News,Kisaan Andolan,Neutral,Neutral,
"संयुक्त किसान मोर्चा करेगा ""वादाखिलाफी विरोधी सभा"" का आयोजन, केंद्र पर लगाया वादे से पीछे हटने का आरोप","सरकार की वादाखिलाफी के विरोध में, 18 जुलाई को संसद के मानसून सत्र की शुरुआत से 31 जुलाई शहीद उधम सिंह की शहादत दिवस तक, देशभर में जिला स्तर पर “वादाखिलाफी विरोधी सभा” आयोजित की जाएगी.","सोमवार जुलाई 4, 2022 07:13 AM IST",NDTV News,Kisaan Andolan,Anti BJP,Neutral,
"किसानों को स्टेडियमों में कैद करना चाहती थी केंद्र सरकार, लेकिन...': पंजाब में बोले अरविंद केजरीवाल","केजरीवाल ने कहा, "" दिल्ली सरकार ने आंदोलनरत किसानों की मदद की. उनको पीने का साफ पानी दिया, शौचालय की सुविधा दी, लंगर में खाना खिलाया. हमें खुशी है कि हमने किसान भाइयों की मदद की.""","रविवार मई 22, 2022 07:05 PM IST",NDTV News,Kisaan Andolan,Pro AAP,Neutral,Quote
किसान आंदोलन में प्रधानमंत्री मोदी पर हमलावर रहे गवर्नर सत्यपाल मलिक ने क्यों की प्रधानमंत्री मोदी की तारीफ़,किसानों के आंदोलन (Kisan Andolan) पर केंद्र सरकार के खिलाफ हमलावर तेवर अपनाते रहे मेघालय के राज्यपाल सत्यपाल मलिक (Satyapal Malik) ने पीएम नरेंद्र मोदी  (Narendra Modi) की तारीफ़ की है.,"शुक्रवार अप्रैल 22, 2022 05:53 PM IST",NDTV News,Kisaan Andolan,Pro BJP,Neutral,
"संयुक्त किसान मोर्चा ने फिर की आंदोलन की घोषणा, सरकार पर लगाया वादे पूरा नहीं करने का आरोप",बैठक में लखीमपुर खीरी मामले में चल रही कानूनी प्रक्रिया की समीक्षा कर चिंता जताई गई कि पुलिस प्रशासन और अभियुक्त मिलकर अपराधियों को बचाने और बेकसूर किसानों को फंसाने की कोशिश कर रहे हैं.,"सोमवार मार्च 14, 2022 07:18 PM IST",NDTV News,Kisaan Andolan,Neutral,Pro Kisan,
'ये पूजा-पाठ वाले नहीं बल्कि बलि लेने वाले पुजारी हैं'' : भाजपा पर राकेश टिकैत का कटाक्ष,"राकेश टिकैत ने आरोप लगाया कि भाजपा पिछले एक महीन से इस क्षेत्र में एक विशेष बिरादरी को निशाना बनाकर चुनाव प्रचार कर रही है. उन्होंने कहा, ‘‘यह एक संत और सूबे के मुख्यमंत्री को शोभा नहीं देता.","सोमवार फ़रवरी 7, 2022 12:04 AM IST",NDTV News,Kisaan Andolan,,,Quote
"पंजाब ने आंदोलन में मारे गए किसानों के परिजनों को दी सरकारी नौकरी, 27 को बांटे अप्वाइंटमेंट लेटर",पंजाब के मुख्यमंत्री चरणजीत सिंह चन्नी ने कृषि कानूनों के विरोध में आंदोलन के दौरान जान गंवाने वाले किसानों के परिवार के 27 सदस्यों को सरकारी नौकरी के नियुक्ति पत्र सौंपे. बता दें कि केंद्र ने अब तीनों कृषि कनूनों को वापस ले लिया है.,"बुधवार जनवरी 5, 2022 09:19 AM IST",NDTV News,Kisaan Andolan,Neutral,Neutral,
भूमिहीन किसानों पर सरकार का अगला वार'... राकेश टिकैत ने सरकार पर लगाया आरोप,"टिकैत ने कहा, ‘‘सरकार का ध्यान किसानों की जमीन पर है इससे सचेत रहने की जरूरत है. सरकार का अगला वार उन भूमिहीन किसानों पर है जो पशु पालकर, दूध बेचकर गुजर-बसर करते हैं.''","सोमवार जनवरी 3, 2022 12:20 AM IST",NDTV News,Kisaan Andolan,Anti BJP,Pro Kisan,Quote
कृषि कानूनों के विरोध में किसान आंदोलन सुर्खियों में रहा पर कृषि सुधारों की उम्मीद कायम,कोरोना महामारी से जुड़ी तमाम दिक्कतों के बीच वर्ष 2022 में भी बेहतर उपज की उम्मीद की जा रही है. देश में खाद्यान्न उत्पादन लगातार बढ़ रहा है. इससे सरकार को कई महीनों तक कोविड प्रभावित गरीब परिवारों के लिए मुफ्त अतिरिक्त राशन प्रदान करने में मदद मिली. वहीं कृषि कानून के खिलाफ दिल्ली की सीमाओं पर किसानों के लंबे विरोध के बाद इन्हें रद्द किया गया.,"मंगलवार दिसम्बर 28, 2021 04:40 PM IST",NDTV News,Kisaan Andolan,Neutral,Neutral,
"आंदोलन खत्म होने के बाद जीत की खुशी संग घर लौटते किसान, नाचते-गाते आए नजर","ट्रैक्टरों के बड़े-बड़े काफिलों के साथ पिछले साल नवंबर में दिल्ली की सीमाओं पर पहुंचे आंदोलनरत किसानों ने शनिवार की सुबह अपने-अपने गृह राज्यों की तरफ लौटना शुरू कर दिया. साल भर से ज्यादा वक्त तक अपने घरों से दूर डेरा डाले हुए ये किसान अपने साथ जीत की खुशी और सफल प्रदर्शन की यादें लेकर लौट रहे हैं. किसानों ने सिंघु, टिकरी और गाजीपुर सीमाओं पर राजमार्गों पर नाकेबंदी हटा दी और तीन विवादास्पद कृषि कानूनों को निरस्त करने और फसलों के लिए न्यूनतम समर्थन मूल्य (एमएसपी) पर कानूनी गारंटी के लिए एक समिति गठित करने सहित उनकी अन्य मांगों को पूरा करने के लिए केंद्र के लिखित आश्वासन का जश्न मनाने के लिए एक ''विजय मार्च'' निकाला.","शनिवार दिसम्बर 11, 2021 10:08 AM IST",NDTV News,Kisaan Andolan,Neutral,Neutral,
"किसानों का विजय मार्च आज, 15 महीने के संघर्ष के बाद 'जीतकर' लौट रहे घर","तीन कानूनों को रद्द करने की प्रधानमंत्री नरेंद्र मोदी की घोषणा के बाद, किसान अन्य मांगों का हवाला देते हुए विरोध स्थलों पर रुके हुए थे.","शनिवार दिसम्बर 11, 2021 08:39 AM IST",NDTV News,Kisaan Andolan,Neutral,Neutral,
"""पापा तो वापस नहीं आएंगे"", किसान आंदोलन में मृत किसान के बेटे का छलका दर्द",सरकार के तीनों कृषि कानून वापस लेने के बाद दूसरे प्रस्ताव पर भी किसान संगठनों से सहमति बनने के बाद किसानों ने आंदोलन खत्म करने का ऐलान किया है.,"शुक्रवार दिसम्बर 10, 2021 06:51 PM IST",NDTV News,Kisaan Andolan,Neutral,Neutral,
"आंदोलन खत्‍म कर सकते हैं किसान, बातचीत में सकारात्‍मक संकेत : सूत्र",Farmers Protest End : सूत्रों का कहना है कि केंद्र सरकार से किसानों को पत्र भेजा गया है. सरकार MSP पर कमेटी बनाएगी. आंदोलन में हुए सारे मुक़दमे वापस होंगे. पराली जलाने पर मुक़दमे नहीं होंगे.किसान सरकार के प्रस्ताव पर चर्चा कर रहे हैं. किसान आंदोलन वापसी पर फ़ैसला ले सकते हैं,"मंगलवार दिसम्बर 7, 2021 05:21 PM IST",NDTV News,Kisaan Andolan,Neutral,Neutral,
"राकेश टिकैत की दो टूक, 'किसानों के सारे मुद्दों के हल तक जारी रहेगा आंदोलन'","भारतीय किसान यूनियन (BKU) के राष्ट्रीय प्रवक्ता राकेश टिकैत ने साफ कहा है कि सारे मुद्दों के हल तक किसानों का आंदोलन खत्‍म नहीं होगा. NDTV से बात करते हुए टिकैत ने कहा कि सरकार बातचीत से पीछे क्‍यों हट रही है.  जब तक बातचीत नहीं होगी, समाधान नहीं होगा, हमारा आंदोलन जारी रहेगा.","सोमवार दिसम्बर 6, 2021 07:07 PM IST",NDTV News,Kisaan Andolan,Neutral,Neutral,
"सिंघु बॉर्डर पर संयुक्त किसान मोर्चे की बैठक शुरू, आंदोलन की आगे की रणनीति पर हो रही है चर्चा",बैठक से पहले किसान नेता डॉ सतनाम सिंह ने कहा कि अभी  एमएसपी (MSP) की गारंटी के मुद्दे पर कोई आश्वासन नहीं मिला है.आज हम कमेटी के लिए पांच नाम तय कर देंगे.,"शनिवार दिसम्बर 4, 2021 01:47 PM IST",NDTV News,Kisaan Andolan,Neutral,Neutral,
"किसान आंदोलन का एक साल, कहीं चुनाव राजनीति या वर्चस्व की लड़ाई में न बिखर जाए","आज किसान आंदोलन का एक साल पूरा हुआ है. कानून वापसी के लिए शुरू हुआ यह आंदोलन किसानों को किसान बना गया. इस एक साल के दौरान किसानों ने उस पहचान को जी भरकर जिया है, जिसे किसान कहते हैं.","शुक्रवार नवम्बर 26, 2021 11:16 PM IST",NDTV News,Kisaan Andolan,Neutral,Pro Kisan,
"बॉर्डर पर 'रास्ता खोलो' आंदोलन, यूपी-दिल्ली हाईवे खुलवाने के लिए अपार्टमेंट वाले करेंगे अभियान",फेडरेशन की ओर से जारी निर्देशानुसार किसानों का ध्यान अपनी समस्याओं की ओर आकर्षित करने के लिए यहां से पैदल यात्रा निकाली जाएगी. इस आंदोलन का मकसद किसानों से राजमार्ग खोलने के लिए अपील करना है ताकि शहर में आवाजाही सामान्य हो सके.,"शुक्रवार नवम्बर 26, 2021 06:24 PM IST",NDTV News,Kisaan Andolan,,,Not related to political or social issue
"लखनऊ में किसान महापंचायत आज, कई राज्यों से बड़ी संख्या में पहुंच सकते हैं किसान",संयुक्त किसान मोर्चा ने पहले ही ऐलान कर दिया है कि क़ानून वापसी के ऐलान के बावजूद उनका आंदोलन जारी रहेगा.,"सोमवार नवम्बर 22, 2021 08:03 AM IST",NDTV News,Kisaan Andolan,Neutral,Anti Kisan,
"लखनऊ में सोमवार को बुलाई गई किसान महापंचायत, आगे की रणनीति पर होगी चर्चा","तीनों कृषि कानूनों को निरस्त करने की केंद्र की घोषणा के बावजूद किसान नेताओं का कहना है कि जब तक सरकार न्यूनतम समर्थन मूल्य (एमएसपी) की गारंटी देने वाला कानून नहीं बनाती तथा मंत्री अजय कुमार मिश्रा ''टेनी'' को बर्खास्त नहीं करती, तब तक उनका आंदोलन जारी रहेगा.","रविवार नवम्बर 21, 2021 01:53 PM IST",NDTV News,Kisaan Andolan,Neutral,Neutral,
"कृषि कानूनों की वापसी: प्रधानमंत्री जी, तपस्या आपने नहीं, किसानों ने की है...","आज उन 700 किसानों को याद करने का दिन है, जिनके लिए आज भी इस देश के प्रधानमंत्री ने एक शब्द नहीं कहा. क्या आप यकीन कर सकते हैं कि एक आंदोलन के लिए इस देश के सात सौ किसान शहीद हो गए और उस देश के प्रधानमंत्री ने इस एक साल के दौरान एक शब्द नहीं कहा. ","शुक्रवार नवम्बर 19, 2021 10:10 PM IST",NDTV News,Kisaan Andolan,Anti BJP,Pro Kisan,
"""देर आए दुरुस्त आए"", कृषि कानून वापसी पर बोले मेघालय के गवर्नर सत्यपाल मलिक","पीएम मोदी ने अपने संबोधन में कहा, ""मैं देशवासियों से माफी मांगता हूं और सच्चे मन से कहना चाहता हूं कि शायद हमारी तपस्या में ही कोई कमी रह गई होगी, जिसके कारण दीये के प्रकाश जैसा सत्य कुछ किसान भाइयों को हम समझा नहीं पाए.""","शुक्रवार नवम्बर 19, 2021 07:31 PM IST",NDTV News,Kisaan Andolan,,,Quote
"कृषि कानून वापसी: चरणजीत सिंह चन्नी बोले, सब कुछ लुटा के होश में आए तो क्या आए...",तीनों कृषि कानून वापस लेने के प्रधानमंत्री के ऐलान पर प्रतिक्रिया देते हुए पंजाब के मुख्यमंत्री चरणजीत सिंह चन्नी ने केंद्र सरकार पर हमला बोला है. उन्होंने कहा कि सरकार ने विश्वास तोड़ा है.,"शुक्रवार नवम्बर 19, 2021 08:11 PM IST",NDTV News,Kisaan Andolan,,,Indirect Speech
कृषि कानून वापसी पर जेडीयू नेता के सी त्यागी ने कहा-शायद कुछ कमी रही होगी...,"जनता दल यूनाइटेड(JDU) के राष्ट्रीय महासचिव केसी त्यागी ने कहा कि नए कृषि कानून को लाने की प्रारंभिक तैयारी में कुछ कमी रही होगी, इसी वजह से आज हमें यह तीनों कृषि कानून वापस लेने पड़ रहे हैं.","शुक्रवार नवम्बर 19, 2021 05:18 PM IST",NDTV News,Kisaan Andolan,Neutral,Neutral,
"सिंघु बॉर्डर पर संयुक्त किसान मोर्चे की बैठक शुरू, आंदोलन की आगे की रणनीति पर हो रही है चर्चा",बैठक से पहले किसान नेता डॉ सतनाम सिंह ने कहा कि अभी  एमएसपी (MSP) की गारंटी के मुद्दे पर कोई आश्वासन नहीं मिला है.आज हम कमेटी के लिए पांच नाम तय कर देंगे.,"शनिवार दिसम्बर 4, 2021 01:47 PM IST",NDTV News,Kisaan Andolan,Neutral,Neutral,
"कृषि कानूनों की वापसी के ऐलान पर छलका कृषि मंत्री नरेंद्र सिंह तोमर का दर्द, कहा- 'दुख है....'","प्रधानमंत्री नरेंद्र मोदी किसानों के जीवन में क्रांतिकारी बदलाव लाना चाहते थे और इसी मंशा से यह तीन कृषि कानून लाए गए थे, लेकिन सरकार किसानों को इन कानूनों के फायदे समझाने में नाकाम रही.","शुक्रवार नवम्बर 19, 2021 03:27 PM IST",NDTV News,Kisaan Andolan,Pro BJP,Neutral,
"ये धोखा है, कल फिर बदल जाएंगे बीजेपी के लोग' : कृषि कानूनों की वापसी पर अखिलेश यादव",प्रधानमंत्री नरेंद्र मोदी ने सुबह 9 बजे देश को संबोधित करते हुए तीनों कृषि कानून वापस लेने की घोषणा की. इन कानूनों के विरोध में काफी समय से देशभर में किसान आंदोलन कर रहे हैं.,"शुक्रवार नवम्बर 19, 2021 08:28 PM IST",NDTV News,Kisaan Andolan,Anti BJP,Neutral,Quote
कृषि कानून वापस लेने का फैसला पहले ही कर लेना चाहिए था: मायावती,शुक्रवार को देश को संबोधित करते हुए प्रधानमंत्री नरेंद्र मोदी ने यह ऐलान किया कि सरकार तीनों कृषि कानून वापस लेने जा रही है. इन कानूनों के विरुद्ध किसान कई महीनों से आंदोलन कर रहे थे और उन्होंने दिल्ली के बॉर्डर पर डेरे जमा रखे थे.,"शुक्रवार नवम्बर 19, 2021 01:23 PM IST",NDTV News,Kisaan Andolan,Neutral,Neutral,
"कृषि कानूनों की वापसी के ऐलान के बाद केजरीवाल पहुंचे गुरुद्वारा रकाब गंज, बोले- अमर रहेगी किसानों की शहादत",पीएम मोदी ने अपने भाषण में कहा कि सरकार किसानों की वित्तीय स्थिति को बेहतर बनाने के प्रयास कर रही है. हमारी सरकार किसानों के कल्याण के लिए प्रतिबद्ध है.,"शुक्रवार नवम्बर 19, 2021 12:34 PM IST",NDTV News,Kisaan Andolan,Pro BJP,Neutral,Indirect Speech
हार के डर से प्रधानमंत्री नरेंद्र मोदी ने वापस लिए तीनों कृषि कानून: नवाब मलिक,प्रधानमंत्री ने कहा कि उनकी सरकार तीनों कृषि कानून वापस ले रही है. यह वही कानून हैं जिन्हें वापस लेने की मांग करते हुए देशभर के किसान पिछले साल से ही आंदोलन कर रहे थे और अपनी बात मनवाने के लिए सुप्रीम कोर्ट तक भी पहुंचे थे.,"शुक्रवार नवम्बर 19, 2021 12:40 PM IST",NDTV News,Kisaan Andolan,Anti BJP,Neutral,
Exclusive: बीजेपी को यूपी और लोकसभा चुनाव में नुकसान होगा- NDTV से बोले राज्यपाल सत्यपाल मलिक,सत्यपाल मलिक ने कहा कि चौधरी चरण सिंह कहते थे कि दिल्ली का रास्ता खेतों से होकर गुजरता है. अगर खेत और खेतवाला खुशहाल नहीं तो आपको कामयाबी नहीं मिलेगी. सरकार को सभी जगह नुकसान होगा.,"गुरुवार नवम्बर 18, 2021 08:44 PM IST",NDTV News,Kisaan Andolan,Anti BJP,Pro Kisan,
दिल्ली ट्रैक्टर रैली में गिरफ्तार किए गए प्रत्येक प्रदर्शनकारी को देंगे 2 लाख रुपये: पंजाब सरकार,पंजाब के मुख्यमंत्री चरणजीत सिंह चन्नी ने एक ट्वीट करते हुए पुष्टि की कि उनकी सरकार दिल्ली पुलिस द्वारा गिरफ्तार किए गए लोगों को मुआवजा देगी.,"शनिवार नवम्बर 13, 2021 12:56 AM IST",NDTV News,Kisaan Andolan,Neutral,Neutral,
किसान आंदोलन : दिल्ली-हरियाणा सड़क का एक हिस्सा 11 महीने बाद खोला गया,टीकरी बॉर्डर पर हजारों किसान तीन कृषि कानूनों के खिलाफ आंदोलन कर रहे हैं. किसान संघ के नेताओं और पुलिस के बीच बैठक के बाद यह मार्ग खोला गया है,"शनिवार अक्टूबर 30, 2021 07:02 PM IST",NDTV News,Kisaan Andolan,Neutral,Neutral,
"किसान आंदोलन के 11 महीने पूरे होने पर आज किसान करेंगे देशव्यापी प्रदर्शन, जानें क्या है प्लान?",संयुक्त किसान मोर्चा के आह्वान पर किसान आंदोलन के 11 महीने पूरे होने और लखीमपुर खीरी मामले में केंद्रीय गृह राज्य मंत्री अजय मिश्रा टेनी की बर्खास्तगी एवं गिरफ्तारी की मांग को लेकर आज किसान देशव्यापी प्रदर्शन करेंगे.,"मंगलवार अक्टूबर 26, 2021 11:26 AM IST",NDTV News,Kisaan Andolan,Neutral,Neutral,
दुख में शरीक होना इंसानियत और भारतीय संस्कृति' : किसान मोर्चा की कार्रवाई पर बोले योगेंद्र यादव,उन्होंने कहा कि मैं संयुक्त किसान मोर्चा की सामूहिक निर्णय प्रक्रिया का सम्मान करता हूं. इस प्रक्रिया के तहत दी गई सजा को सहर्ष स्वीकार करता हूं. किसान आंदोलन देश के लिए आशा की एक किरण बनकर आया है. इसकी एकता और सामूहिक निर्णय प्रक्रिया को बनाए रखना आज के वक्त की सबसे बड़ी जरूरत है.,"शुक्रवार अक्टूबर 22, 2021 10:04 PM IST",NDTV News,Kisaan Andolan,Neutral,Neutral,
RAIL ROKO Andolan Today: देश में करीब 160 ट्रेनें प्रभावित,rail roko andolan 2021 :किसानों ने लखीमपुर खीरी में किसानों को कुचल कर मारने की घटना और उस मामले में गृह राज्य मंत्री अजय मिश्रा का इस्तीफा मांगते हुए यह रेल रोको आंदोलन करने का ऐलान किया था.,"सोमवार अक्टूबर 18, 2021 07:55 PM IST",NDTV News,Kisaan Andolan,Neutral,Neutral,
किसानों के 'रेल रोको आंदोलन' के दौरान फंसी रहीं पावर प्‍लांट्स को कोयला ले जाने वाली 75 मालगाड़‍ियां...,Rail ROKO 2021 : सोमवार के इस प्रदर्शन के दौरान कोयले की ढुलाई वाली 75 मालगाड़‍ियां फंसकर रह गईं. 150 मालगाड़ी इस विरोध प्रदर्शन के कारण प्रभावित हुईं. रेल रोको आंदोलन के दौरान कोयला ढोने वाली 50 % मालगाड़ी प्रभावित रहीं.,"सोमवार अक्टूबर 18, 2021 07:51 PM IST",NDTV News,Kisaan Andolan,Neutral,Neutral,
"किसानों के धरना स्थल पर बिना हाथ-पैर का शव, 'निहंगों' पर शक की सुई: 10 फैक्ट्स",हरियाणा-दिल्ली की सीमा पर किसानों के धरना स्थल पर एक व्यक्ति का बिना हाथ-पैर के मिले शव की गुत्थी उलझती ही जा रही है. बेरहमी से की गई इस हत्या में शक की सुई निहंगों की तरफ जाती दिखाई दे रही है. मामले में अज्ञात लोगों के खिलाफ हत्या का मुकदमा दर्ज किया गया है. देर शाम आरोपी निहंग दल के एक सदस्य ने हत्या की जिम्मेदारी लेते हुए आत्मसमर्पण कर दिया.,"शुक्रवार अक्टूबर 15, 2021 10:24 PM IST",NDTV News,Kisaan Andolan,Neutral,Neutral,
"किसानों के प्रदर्शन स्थल पर शख्स की हत्या को लेकर स्वरा भास्कर का ट्वीट, बोलीं- शर्मनाक",दिल्ली-हरियाणा बॉर्डर पर सोनीपत जिले के सिंघु बॉर्डर पर एक युवक की बर्बर तरीके से पीट-पीटकर हत्या कर दी गई. इसे लेकर स्वरा भास्कर ने ट्वीट किया है.,"शुक्रवार अक्टूबर 15, 2021 12:51 PM IST",NDTV News,Kisaan Andolan,Neutral,Neutral,Tweet
किसी की भी आत्मा को झकझोर देगा'- लखीमपुर खीरी का वायरल वीडियो शेयर कर बोले BJP सांसद वरुण गांधी,"सांसद वरुण गांधी ने वो वायरल वीडियो शेयर किया है, जिसे कथित रूप से लखीमपुर खीरी का बताया जा रहा है. इसके साथ ही उन्होंने ट्वीट कर आरोपियों की गिरफ्तारी की मांग की.","मंगलवार अक्टूबर 5, 2021 12:42 PM IST",NDTV News,Kisaan Andolan,Neutral,Neutral,
"आपने पूरे शहर का गला घोंट दिया, अब शहर के भीतर आना चाहते हैं : किसानों को SC की फटकार",जंतर-मंतर पर धरने की इजाजत की मांग वाली किसान महापंचायत की याचिका पर सुप्रीम कोर्ट ने शुक्रवार को कहा कि क्या शहर के लोग अपना बिजनेस बंद कर दें? क्या लोग शहर में धरने से खुश होंगे? आप हाइवे जाम करते हैं और फिर कहते हैं कि विरोध शांतिपूर्ण है.,"शुक्रवार अक्टूबर 1, 2021 12:19 PM IST",NDTV News,Kisaan Andolan,Neutral,Anti Kisan,Indirect Speech
"Farmers Protest: किसानों का भारत बंद आज, कांग्रेस समेत कई दल आए समर्थन में",Bharat Bandh: केंद्र के तीन कृषि कानूनों के खिलाफ किसान संगठनों ने आज सोमवार को भारत बंद का आह्वान किया है.,"सोमवार सितम्बर 27, 2021 01:29 AM IST",NDTV News,Kisaan Andolan,Anti BJP,Pro Kisan,
"सरसों, मसूर समेत दलहन फसलों के एमएसपी में रिकॉर्ड बढ़ोतरी, मोदी कैबिनेट का अहम फैसला","दलहन औऱ तिलहन फसलों के न्यूनतम समर्थन मूल्य में बड़ी बढ़ोतरी के पीछे वजह इनकी देश में कम उत्पादन और बढ़ती मांग को माना जा रहा है. सरसों तेल के दाम इन दिनों आसमान छू रहे हैं. विपक्षी दलों की ओर से आलोचना की जाती रही है कि एक और खाद्य तेलों के दाम ऊंचाई पर हैं, लेकिन तिलहन का एमएसपी नहीं बढ़ाया जा रहा है. ","बुधवार सितम्बर 8, 2021 03:48 PM IST",NDTV News,Kisaan Andolan,Anti BJP,Neutral,
"रबी फसलों का MSP बढ़ाया गया, कैबिनेट ने कपड़ा उद्योग के लिए प्रोत्साहन नीति को मंजूरी दी",कैबिनेट ने वस्त्र (Textile) उद्योग के लिए  प्रोडक्शन लिंक्ड इनसेंटिव ( PLI)  यानी उत्पादन संबंधी प्रोत्साहन नीति को भी हरी झंडी दिखा दी है.इस क्षेत्र के 10 अलग अलग उत्पादों के लिए अगले 5 साल तक 10600 करोड़ से ज्यादा का पैकेज दिया जाए.,"गुरुवार सितम्बर 9, 2021 12:44 AM IST",NDTV News,Kisaan Andolan,Pro BJP,Neutral,
लखनऊ को दिल्ली बना देंगे' : किसानों ने CM योगी को दी चुनौती,देश की राजधानी दिल्ली की सीमाओं पर किसान केंद्र सरकार के तीनों कृषि कानूनों के विरोध में 26 नवंबर 2020 से आंदोलन पर बैठे हुए हैं.,"सोमवार जुलाई 26, 2021 07:47 PM IST",NDTV News,Kisaan Andolan,Anti BJP,Neutral,
"Haryana News: जींद के खटकड़ टोल पर पहुंचे ओमप्रकाश चौटाला, नहीं दिया माइक",एक अन्य कार्यक्रम में खाप के प्रधान ओमप्रकाश कंडेला ने प्रधानमंत्री नरेंद्र मोदी और प्रदेश के मुख्यमंत्री मनोहर लाल खट्टर को किसान एवं मजदूर विरोधी बताया .,"सोमवार जुलाई 26, 2021 06:33 AM IST",NDTV News,Kisaan Andolan,Anti BJP,Neutral,Indirect Speech
"Himanshi Khurana ने 'पोहा' के बहाने किया कटाक्ष, किसानों पर बोलीं- क्या पता चावल फैक्टरी में भी बन जाएं...",हिमांशी खुराना (Himanshi Khurana) ने पोहे की फोटो शेयर कर लोगों से यह सवाल पूछा है.,"गुरुवार मार्च 25, 2021 01:14 PM IST",NDTV News,Kisaan Andolan,Anti BJP,Pro Kisan,
"देशभर में किसान महापंचायतें कर रहे राकेश टिकैत ने कहा - फिर दिल्ली में घुसना होगा, बैरिकेड तोड़ने होंगे",जयपुर में मंगलवार को किसान महापंचायत में राकेश टिकैत ने केन्द्र पर निशाना साधते हुए कहा कि सरकार लोगों को जाति-धर्म में बांटा लेकिन अब अन्नदाता बंटने वाले नहीं हैं.,"बुधवार मार्च 24, 2021 02:39 PM IST",NDTV News,Kisaan Andolan,Anti BJP,Neutral,
क्या किसान आंदोलन पश्चिमी यूपी में दंगों के दाग मिटा पाएगा?,"किसान आंदोलन के नेता अगर चाहते हैं कि प्रधानमंत्री उनसे बात करें तो उन्हें महापंचायत का आयोजन नहीं करना चाहिए. उन्हें किसान महापंचायतों की जगह कबड्डी, खो-खो, हॉकी का आयोजन करना चाहिए ताकि इन खेलों में विजय प्राप्त करते ही विजयी किसान नेताओं को प्रधानमंत्री का फोन आ जाए और फिर उस बातचीत का वीडियो न्यूज़ चैनलों पर भी ख़ूब चलेगा. यह प्रसंग इसलिए आया कि खिलाड़ियों के लिए सुलभ प्रधानमंत्री किसानों के लिए कितने दुर्लभ हो गए हैं. नौ महीने से अनगिनत महापंचायतों, धरना-प्रदर्शनों और किसान संसद के आयोजन के बाद भी प्रधानमंत्री मोदी की किसान नेताओं से बात नहीं हुई जबकि उन्होंने कहा था कि वे एक कॉल की दूरी पर हैं. कभी कुछ किसानों का आंदोलन तो कभी बड़े किसानों का आंदोलन बता कर इस आंदोलन को खारिज करने के बाद किसान हर बार अपनी रैलियों के ज़रिए बता रहे हैं कि उनका आंदोलन किसका है. ","मंगलवार सितम्बर 7, 2021 01:05 AM IST",NDTV News,Kisaan Andolan,Anti BJP,Pro Kisan,
"देशभर के 300 किसान संगठनों की महापंचायत, चप्पे-चप्पे पर पुलिस तैनात; मिशन UP की होगी शुरुआत- 10 अहम बातें","पश्चिमी यूपी के मुजफ्फरनगर में आज किसानों ने एक बड़ी महापंचायत बुलाई है. इसमें देशभर के 15 राज्यों के 300 किसान संगठनों से जुड़े लोग हिस्सा लेंगे. किसानों की महापंचायत को देखते हुए यूपी पुलिस ने वहां कानून-व्यवस्था सुनिश्चित करने के लिए सुरक्षा कड़ी कर दी है. पुलिस सूत्रों ने बताया कि मुजफ्फरनगर में 8000 से ज्यादा पुलिस और पैरा मिलिट्री के जवान तैनात किए गए हैं. किसान नेताओं का दावा है कि महापंचायत में दस लाख से ज्यादा किसान शामिल होंगे. किसान नेताओं ने कहा है कि उत्तर प्रदेश विधान सभा चुनाव से पहले हो रही इस महापंचायत में मिशन यूपी की शुरुआत होगी, जिसके तहत किसान राज्यभर में जाकर बीजेपी का विरोध करेंगे.","रविवार सितम्बर 5, 2021 08:28 AM IST",NDTV News,Kisaan Andolan,Anti BJP,Neutral,
सरकार अब लाठी मारने पर उतर आई है': करनाल में किसानों पर हुए लाठीचार्ज पर बोले योगेंद्र यादव,हरियाणा के करनाल में किसानों पर हुए लाठीचार्ज को लेकर योगेंद्र यादव ने केंद्र सरकार पर निशाना साधा है. उन्होंने कहा कि सरकार अब लाठी मारने पर उतर आई है.,"गुरुवार सितम्बर 2, 2021 05:32 PM IST",NDTV News,Kisaan Andolan,Anti BJP,Neutral,Indirect Speech
"यूपी में BJP को हराने के लिए किसान मोर्चा ने बनाई 'रणनीति', पर पंजाब को लेकर नहीं किया कोई फैसला",संयुक्त किसान मोर्चे में पंजाब विधानसभा चुनाव को लेकर अभी तक कोई रणनीति नहीं दिख रही है. जबकि यूपी और पंजाब के विधानसभा चुनाव एक साथ है.,"मंगलवार अगस्त 31, 2021 05:39 PM IST",NDTV News,Kisaan Andolan,Anti BJP,Neutral,
सिर फोड़ दो उनका' : किसानों को लेकर पुलिस को निर्देश देते हरियाणा के अधिकारी कैमरे में कैद,हरियाणा के करनाल में भाजपा की बैठक से पहले एसडीएम ने पुलिसकर्मियों को किसानों से सख्ती से आने के लिए कहा. एसडीएम का एक वीडियो सोशल मीडिया पर तेजी से वायरल हो रहा है.,"शनिवार अगस्त 28, 2021 08:17 PM IST",NDTV News,Kisaan Andolan,,,Negative comment not able to decide
"किसान आंदोलन: हरियाणा में प्रदर्शनकारियों के खिलाफ राजद्रोह के दो मामले, 136 FIR दर्ज की गई","कांग्रेस नेता भूपेंद्र सिंह हुड्डा ने कहा कि मुद्दा सिर्फ हरियाणा के किसानों का नहीं, बल्कि पूरे देश का है. हरियाणा विधानसभा में विपक्ष के नेता हुड्डा ने कहा, ‘‘नौ महीने से किसान दिल्ली की सीमाओं पर बैठे हैं. सरकार न्यूनतम समर्थन मूल्य (एमएसपी) से नीचे किसानों की उपज खरीदने को दंडनीय अपराध बनाते हुए कानून क्यों नहीं बना सकती.’","शनिवार अगस्त 21, 2021 06:23 AM IST",NDTV News,Kisaan Andolan,,,Indirect Speech
"हरियाणा के किसानों से किसान मोर्चा की अपील : तिरंगा यात्रा का विरोध ना करें, बीजेपी की चाल सफल ना होने दें",किसान मोर्चा की तरफ से कहा गया कि बीजेपी-जेजेपी और इनके नेताओं के बहिष्कार के बाकी सब कार्यक्रम जारी रहेंगे. लेकिन तिरंगा यात्रा के दौरान किसान ऐसा कुछ भी न करें जिससे राष्ट्रीय ध्वज और देश के किसानों का अपमान हो. किसानों की छवि खराब हो और आंदोलन का मकसद विफल हो जाए.,"रविवार अगस्त 1, 2021 03:05 AM IST",NDTV News,Kisaan Andolan,Anti BJP,Pro Kisan,Indirect Speech
सरकार इंटरनेट पर रोक लगाकर किसानों की आवाज दबाने पर आमादा है : कांग्रेस,"उन्होंने ट्वीट किया, "" मैं हमारे अन्नदाताओं पर इस सरकार द्वारा इस तरह के अत्याचार का विरोध करता हूं. शर्म करो भाजपा. शेम, शेम."" चौधरी ने दावा किया, ""भाजपा आंसुओं से डर गई है. किसानों की आंखों से निकले आंसुओं की ताकत ने भाजपा को हिला दिया है जो हर मौके का इस्तेमाल घड़याली आंसू बहाने के लिए करती है."" कांग्रेस नेता जयराम रमेश ने कहा कि प्रधानमंत्री नरेंद्र मोदी ने कहा कि इन कानूनों पर 18 महीने के लिए रोक लगा दी गई है.","सोमवार फ़रवरी 1, 2021 01:27 AM IST",NDTV News,Kisaan Andolan,Anti BJP,Pro Kisan,Indirect Speech
"किसान आंदोलन: महात्मा गांधी का जिक्र कर BJP पर बरसे दिग्विजय, बोले- पहले लड़े थे गोरों से, अब लड़ेंगे...","केंद्र के कृषि कानूनों (Farm Laws) के खिलाफ दिल्ली बॉर्डर पर किसानों के आंदोलन का 67वां दिन है. कड़ाके की ठंड और शीतलहर के बावजूद दिल्ली की सीमाओं पर डटे किसान कानूनों को रद्द करने से कम पर मानने को तैयार नहीं हैं. दिग्विजय सिंह ने भाजपा पर हमला करते हुए कहा किया यदि महात्मा गांधी होते तो किसानों के पक्ष में सत्याग्रह करते होते, फिर बीजेपी-संघ ने उन्हें गिरफ्तार कर लिया होता. ","रविवार जनवरी 31, 2021 09:48 AM IST",NDTV News,Kisaan Andolan,Anti BJP,Neutral,Indirect Speech
Kisan Andolan Updates: तृणमूल कांग्रेस ने सर्वदलीय बैठक में सरकार से कृषि कानूनों को वापस लेने का आग्रह किया,Kisan Andolan: कृषि कानूनों का विरोध कर रहे किसान 30 जनवरी को महात्मा गांधी की पुण्यतिथि पर सद्भावना दिवस मना रहे हैं. दिन भर का उपवास रखेंगे. किसानों ने बीजेपी पर आंदोलन को खत्म करने केे लिए षड्यंत्र करने का आरोप भी लगाया.,"शनिवार जनवरी 30, 2021 08:37 PM IST",NDTV News,Kisaan Andolan,Anti BJP,Neutral,Indirect Speech
"राहुल गांधी ने बताए कृषि कानूनों के 3 बड़े नुकसान, बोले- PM ये तो कतई न समझें आंदोलन खत्म हो जाएगा","राहुल गांधी ने प्रेस वार्ता करके कृषि कानूनों से होने वाले तीन बड़े नुकसान बताए और कहा कि इसलिए ही किसान आंदोलन कर रहे हैं और सरकार उन्हें मार रही है. हम किसानों के साथ हैं और उनकी मदद करेंगे, वे डटे रहें.","शुक्रवार जनवरी 29, 2021 07:16 PM IST",NDTV News,Kisaan Andolan,Anti BJP,Neutral,Indirect Speech
"PM मोदी के 'आंदोलनजीवी' वाले बयान पर राकेश टिकैत का जवाब, लालकृष्ण आडवाणी के राम मंदिर आंदोलन का किया जिक्र","प्रधानमंत्री मोदी के 'आंदोलनजीवी' वाली टिप्पणी पर राकेश टिकैत ने कहा कि क्या बीजेपी (BJP) के नेता लिखकर दे सकते हैं कि वो कभी आंदोलन नहीं करेंगे या रेल नहीं रोकेंगे. हम यहां चुनाव की बात नहीं कर रहे. हम किसानों की बात कर रहे हैं.  कृषि कानूनों पर सरकार से बातचीत के सवाल पर किसान नेता टिकैत ने कहा कि सरकार बुलाएगी तो जाएंगे. उन्होंने कहा कि कौन सा फोन नंबर है मोदी जी का, मुझे तो नहीं पता.""","शुक्रवार फ़रवरी 12, 2021 04:15 PM IST",NDTV News,Kisaan Andolan,Anti BJP,Neutral,Indirect Speech
"Kisan Andolan, Budget Session LIVE Updates: संसद भवन में PM मोदी की वरिष्ठ मंत्रियों के साथ बैठक",Budget Session LIVE Updates: शुक्रवार को राज्यसभा में कृषि मंत्री नरेंद्र सिंह तोमर ने कहा कि किसान आंदोलन बस एक राज्य तक ही सीमित है और कृषि कानूनों पर किसानों को भड़काया गया है. कृषि कानूनों की वकालत करते हुए उन्होंने कहा कि सरकार ये कानून किसानों के हित में लाई है और इससे उनकी आय बढ़ेगी.,"शुक्रवार फ़रवरी 5, 2021 04:11 PM IST",NDTV News,Kisaan Andolan,Pro BJP,Neutral,Indirect Speech
"BJP नेता मिनाक्षी लेखी का ग्रेटा थनबर्ग पर निशाना- हमें जिस षड्यंत्र का अंदेशा था, उसके सबूत सामने आए","ग्रेटा थनबर्ग ने ट्वीट किया था, ‘हम भारत में किसानों के आंदोलन के प्रति एकजुट हैं.' इस पर भारत सरकार की ओर से कड़ी प्रतिक्रिया दी गई थीं.","गुरुवार फ़रवरी 4, 2021 02:28 PM IST",NDTV News,Kisaan Andolan,Anti BJP,Neutral,Tweet related
"किसान आंदोलन: केंद्र पर बरसे राहुल गांधी और प्रियंका वाड्रा, ट्वीट में लिखा-सरकार की क्रूरता...","Kisan Andolan: कांग्रेस नेता राहुल गांधी ने ट्वीट किया, ‘‘सर्दी की भीषण बारिश में टेंट की टपकती छत के नीचे जो बैठे हैं सिकुड़-ठिठुर कर, वो निडर किसान अपने ही हैं, ग़ैर नहीं. सरकार की क्रूरता के दृश्यों में अब कुछ और देखने को शेष नहीं.’’","सोमवार जनवरी 4, 2021 03:44 PM IST",NDTV News,Kisaan Andolan,Anti BJP,Pro Kisan,Tweet
"पहली बार ऐसी अहंकारी सरकार सत्ता में है, कृषि कानूनों को बिना शर्त वापस लिया जाए: सोनिया गांधी","उन्होंने कहा कि (केंद्र की) मोदी सरकार को यह याद रखना चाहिए कि लोकतंत्र का अर्थ ही जनता एवं किसान-मजदूरों के हितों की रक्षा करना है. उन्होंने कहा, ‘‘हाड़ कंपा देने वाली ठंड और बारिश के बावजूद दिल्ली की सीमाओं पर अपनी मांगों के समर्थन में 39 दिनों से संघर्ष कर रहे अन्नदाताओं की हालत देखकर देशवासियों सहित मेरा मन भी बहुत व्यथित है.’’","सोमवार जनवरी 4, 2021 05:46 AM IST",NDTV News,Kisaan Andolan,Anti BJP,Pro Kisan,Quote
"बिग बॉस के पूर्व कंटेस्टेंट का PM Modi पर किसान आंदोलन को लेकर तंज, बोले- 30,000 रुपये किलो के मशरूम, गजब फकीर...","तहसीन पूनावाला (Tehseen Poonawalla) ने पीएम नरेंद्र मोदी (PM Modi) पर निशाना साधते हुए लिखा है, 'सबसे माननीय साहेब मॉरेल मशरूम रोजना खाते हैं जिसकी कीमत 30,000 रुपये प्रति किलो है...","सोमवार नवम्बर 30, 2020 06:19 PM IST",NDTV News,Kisaan Andolan,Anti BJP,Neutral,Quote
"Farmers Protest: जवान को पानी पिलाता दिखा किसान, तहसीन पूनावाला बोले- ये हैं मेरे किसान और मेरी पुलिस..","तहसीन पूनावाला (Tehseen Poonawalla) ने इस फोटो को ट्वीट कर लिखा: ""ये भारत है... ये मेरे किसान और मेरी पुलिस है ...निचली रैंक की पुलिस को भी पता है कि नरेंद्र मोदी जी उनके बॉसों को किसानों के खिलाफ युद्ध छेड़ने के लिए मजबूर कर रहे हैं जैसे कि हमारे किसान आतंकवादी हों! #FarmersProtest.""","शुक्रवार नवम्बर 27, 2020 07:11 PM IST",NDTV News,Kisaan Andolan,Anti BJP,Pro Kisan,Quote
"Farmers Protest: किसानों के साथ आंदोलन में उतरीं एक्ट्रेस सोनिया मान, बोलीं- किसान यूनियन जिंदाबाद...देखें Video","सोनिया मान (Sonia Mann) ने किसान आंदोलन (Kisan Andolan) का वीडियो शेयर किया है और इसके साथ लिखा है, 'किसान यूनियन जिंदाबाद...'","शुक्रवार नवम्बर 27, 2020 06:17 PM IST",NDTV News,Kisaan Andolan,,,Quote
"लखीमपुर खीरी कांड: SIT की चार्जशीट में मंत्री अजय मिश्र का नाम नहीं, 5 सवाल","लखीमपुर खीरी (Lakhimpur Kheri) में 4 किसानों और एक पत्रकार की हत्या के मामले में दर्ज एफआईआर में 3 जनवरी को एसआईटी ने कोर्ट में चार्जशीट दाखिल कर दी. एसआईटी ने इस चार्जशीट में 14 लोगों को आरोपी बनाया है, जिसमें मुख्य अभियुक्त केंद्रीय गृह राज्य मंत्री अजय मिश्र टेनी का बेटा आशीष मिश्रा भी है. इन 14 लोगों में मंत्री टेनी के करीबी वीरेंद्र शुक्ला का भी नाम हैं, जिनके ऊपर सबूत मिटाने का आरोप लगा है. लेकिन चार्जशीट में मंत्री टेनी का नाम नहीं होने से कई सवाल खड़े हो रहे हैं.","05 Jan 2022, 11:22 PM IST",The Quint,Kisaan Andolan,Neutral,Neutral,
"किसान नेता गुरनाम चढ़ूनी ने बनाई नई पार्टी,पंजाब में 117 सीटों पर लड़ेंगे चुनाव","शनिवार, 18 दिसंबर को भारतीय किसान यूनियन (BKU) के नेता गुरनाम सिंह चढ़ूनी (Gurnam Singh Charuni) ने पंजाब में चुनाव लड़ने के लिए ‘संयुक्त संघर्ष पार्टी’ नाम की नई पार्टी लॉन्च की है.
एक प्रेस कॉन्फ्रेंस के दौरान गुरनाम सिंह चढ़ूनी ने कहा कि पंजाब (Punjab) के आगामी विधानसभा चुनाव में हम 117 सीटों पर चुनाव लड़ने की तैयारी कर रहे हैं. हालांकि उन्होंने कहा कि मैं पंजाब से चुनाव नहीं लड़ूंगा.","18 Dec 2021, 5:24 PM IST",The Quint,Kisaan Andolan,Neutral,Neutral,
"किसान आंदोलन स्थल से घर लौट रहे किसानों के साथ हादसा- 2 की मौत, कई घायल","केन्द्र सरकार के द्वारा तीनों कृषि कानूनों (Farm Laws) को वापस लेने के बाद किसानों द्वारा आंदोलन स्थल को खाली किया जा रहा है. इसी बीच एक दुर्घटना का मामला सामने आया है.
शनिवार सुबह टिकरी बॉर्डर आंदोलन स्थल से लौटते वक्त नेशनल हाईवे 9 पर पंजाब के रहने वाले कुछ किसानों का व्हीकल हिसार में हादसे का शिकार हो गया.","14 Dec 2021, 4:17 PM IST",The Quint,Kisaan Andolan,Neutral,Neutral,News about accident 
राकेश टिकैत बोले- 'किसानों के मुद्दों पर चर्चा के लिए जारी रहेंगी महापंचायतें',"कृषि कानूनों (Farm Laws) की वापसी के बाद किसान आंदोलन (Farmers Protests) खत्म के बाद, भारतीय किसान यूनियन (BKU) के नेता राकेश टिकैत ने कहा है कि संगठन महापंचायत जारी रखेगा. टिकैत ने कहा कि समय-समय पर किसानों के मुद्दों पर चर्चा के लिए महापंचायत चलती रहेगी.
न्यूज एजेंसी ANI के मुताबिक, टिकैत ने कहा, ""हर साल, 10 दिन के लिए किसान आंदोलन मेला का आयोजन किया जाएगा. समय-समय पर किसानों के मुद्दों पर चर्चा के लिए महापंचायत आयोजित की जाएगी.""","12 Dec 2021, 10:07 AM IST",The Quint,Kisaan Andolan,Neutral,Neutral,
"आटा-चावल लाये, नंबर से मोर्चे पर आये-12 महीने के किसान आंदोलन की 12 कामयाब कहानी","कृषि कानून वापस (Farm Laws Repealed) होने के बाद और एमएसपी (MSP) समेत सभी मुद्दों पर सरकार के साथ समझौते के बाद किसानों ने आंदोलन (Farmer Protest) स्थगित कर दिया है. 12 महीने तक चले इस लंबे आंदोलन के आगे आखिरकार सरकार को झुकना पड़ा, खुद प्रधानमंत्री मोदी (PM Modi) ने टीवी पर आकर कानून वापसी का ऐलान किया और माफी भी मांगी.","10 Dec 2021, 7:43 PM IST",The Quint,Kisaan Andolan,Anti BJP,Neutral,
"12 महीने आंदोलन, 3 कृषि कानून वापस और 5 वादे-सरकार ने क्या खोया-क्या पाया?","18 जून 2021 को अपने ट्विटर अकाउंट से एक वीडियो शेयर कर केंद्रीय कृषि मंत्री ने कहा था कि कृषि कानून वापसी को छोड़कर, एक्ट से संबंधित प्रावधान पर कोई भी किसान (Farmer) समिति आधी रात को बात करने को तैयार है तो नरेंद्र सिंह तोमर (Narendra Singh Tomar) उसका स्वागत करता है. लेकिन अब कानून वापस हो चुके हैं और किसान एक साल से ज्यादा आंदोलन करने के बाद घर वापस लौट रहे हैं. इतना ही नहीं एमएसपी (MSP) पर भी कमेटी बनाने की बात भी की गई है.","09 Dec 2021, 10:27 PM IST",The Quint,Kisaan Andolan,Anti BJP,Neutral,
घर लौटने से पहले दिल्ली के बॉर्डर पर युवाओं को क्यों बुला रहे किसान?,एक साल बाद आखिरकार किसान आंदोलन (Farmers Protest) खत्म होने जा रहा है. केंद्र सरकार ने किसानों की तमाम मांगों को लेकर एक प्रस्ताव दिया है. जिस पर किसान संगठन सहमत हो गए हैं. 11 दिसंबर को किसान दिल्ली की सीमाओं से घरों के लिए कूच करेंगे. इसके लिए तैयारियां शुरू हो चुकी हैं. तमाम किसानों को बॉर्डर पर जुटने के लिए कहा जा रहा है.,"09 Dec 2021, 6:15 PM IST",The Quint,Kisaan Andolan,Neutral,Neutral,
"सरकार के वो पांच वादे, जिनकी वजह से एक साल बाद खत्म हुआ किसान आंदोलन","राजधानी दिल्ली की सीमाओं पर पिछले 380 दिनों से चल रहा किसान आंदोलन (Farmers Protest) आखिरकार खत्म हो चुका है. सरकार की तरफ से नए प्रस्ताव के बाद आखिरकार किसानों ने ऐलान किया कि वो 11 दिसंबर से अपने घरों की ओर लौटेंगे. इससे पहले केंद्र सरकार ने किसानों के आंदोलन के चलते तीनों कृषि कानूनों को वापस लिया. लेकिन इसके बाद भी किसान अपनी कुछ मांगों को लेकर डटे रहे. अब सरकार की तरफ से पांच वादों का एक प्रस्ताव दिया गया, जिस पर किसान सहमत हो गए.","09 Dec 2021, 4:50 PM IST",The Quint,Kisaan Andolan,Neutral,Neutral,
"किसान आंदोलन 378 दिन बाद स्थगित, 11 दिसंबर से घर लौटेंगे किसान- SKM",किसान आंदोलन (Farmer Protest End) एक साल तक चले लंबे और सफल संघर्ष के बाद स्थगित कर दिया गया है. 8 दिसंबर को ही केंद्र सरकार (Central Government) के साथ किसानों की बात बन गई थी. क्योंकि तीन नए कृषि कानून वापस (Farm laws Repeal) लेने के बाद किसानों पर दर्ज मुकदमे वापस लेने के लिए भी सरकार मान गई. इसके अलावा एमएसपी (MSP) और बाकी मुद्दों पर भी किसानों के साथ सरकार की सफल बातचीत हुई.,"09 Dec 2021, 3:02 PM IST",The Quint,Kisaan Andolan,Neutral,Pro Kisan,
"किसान आंदोलन हो सकता है खत्म, सरकार के नए प्रस्ताव पर बनी सहमति","तीनों कृषि कानूनों को रद्द करने और अपनी तमाम मांगों को लेकर चल रहा किसान आंदोलन (Farmers Protest) आखिरकार खत्म हो सकता है. केंद्र सरकार के नए प्रस्ताव पर किसान संगठनों की सहमति बन गई है, जिसके बाद गुरुवार 9 दिसंबर तक आंदोलन खत्म करने पर फैसला लिया जा सकता है.","08 Dec 2021, 7:59 PM IST",The Quint,Kisaan Andolan,Neutral,Neutral,
"सरकार ने MSP पर दिया लिखित भरोसा, आज फिर किसानों की बैठक","केंद्र सरकार ने आंदोलन कर रहे किसानों (Farmers) की सभी मांगों को पूरा करने के लिए लिखित तौर पर आश्वासन दिया है. केन्द्र सरकार द्वारा दिए गए लिखित प्रस्ताव में न्यूनतम समर्थन मूल्य (MSP) की कानूनी गारंटी भी शामिल है.
बुधवार को किसान संगठनों की बैठक में सरकार के प्रस्ताव पर चर्चा हुई, हालांकि फिलहाल कुछ मुद्दों पर गतिरोध के चलते आंदोलन के भविष्य को लेकर फैसला नहीं हो पाया.","08 Dec 2021, 7:19 AM IST",The Quint,Kisaan Andolan,Neutral,Neutral,
"राहुल गांधी ने संसद में उठाया 700 किसानों की मौत का मामला, मुआवजे की मांग","संसद (Parliament) के शीतकालीन सत्र के दौरान कांग्रेस नेता राहुल गांधी (Rahul Gandhi) ने किसान आंदोलन और उसमें हुई किसानों की मौत का मुद्दा उठाया. राहुल गांधी ने तीनों कृषि कानूनों की वापसी पर कहा कि, प्रधानमंत्री ने देश से माफी मांगी, लेकिन सरकार की तरफ से किसानों की मौत के आंकड़े से इनकार कर दिया गया.","07 Dec 2021, 4:32 PM IST",The Quint,Kisaan Andolan,Anti BJP,Neutral,
किसान आंदोलन खत्म होगा? आगे की रणनीति पर संयुक्त किसान मोर्चा की आज अहम बैठक,"आखिरकार एक साल बाद संसद में तीन कृषि कानूनों (Farm Laws) को रद्द कर दिया गया, लेकिन किसान आंदोलन अब भी लगातार जारी है. किसान अपनी कुछ और मांगो के साथ दिल्ली की अलग-अलग सरहदों पर विरोध कर रहे हैं. इसी बीच किसान आंदोलन का नेतृत्व कर रहे संयुक्त किसान मोर्चा (Sanyukt Kisan Morcha) ने आज 4 दिसंबर एक अहम बैठक बुलाई है. ये बैठक सिंघू बॉर्डर पर होगी, जिसमें आंदोलन के भविष्य और रणनीति के बारे में फैसला लिया जाएगा.","04 Dec 2021, 3:58 PM IST",The Quint,Kisaan Andolan,Neutral,Neutral,
"आंदोलन में जान गंवानेवाले किसानों को नहीं मिलेगा मुआवजा,सरकार ने कहा-डेटा नहीं","केंद्र सरकार (Central Governmnet) ने मंगलवार, 30 नवंबर को कहा कि किसान आंदोलन में मरने वाले किसानों का कोई आंकड़ा नहीं है, इसलिए उन्हें मुआवजा देने का कोई सवाल ही नहीं है. आईएनएस के मुताबिक, ""तीन विवादास्पद कृषि कानूनों को निरस्त करने की मांग को लेकर साल भर के आंदोलन के दौरान मरने वाले किसानों की संख्या से संबंधित कोई डेटा नहीं है और इसलिए वित्तीय सहायता प्रदान करने का कोई सवाल ही नहीं है.""","01 Dec 2021, 3:04 PM IST",The Quint,Kisaan Andolan,Anti BJP,Neutral,
"खालिस्तानी झंडा, महिलाओं से छेड़छाड़ - किसान आंदोलन को लेकर किए गए ये दावे झूठे","प्रधानमंत्री नरेंद्र मोदी (Narendra Modi) ने 19 नवंबर (शुक्रवार) को उन तीनों विवादित कृषि कानूनों को वापस लेने का ऐलान किया, जिनके विरोध में लगातार दिल्ली सीमा पर किसान प्रदर्शन कर रहे थे. केंद्र के इस फैसले को किसानों की बड़ी जीत माना जा रहा है.
हालांकि, जीत के लिए ये संघर्ष आसान नहीं था. कई बार किसान आंदोलन को फेक न्यूज के जरिए बदनाम करने की कोशिश की गई. कभी किसान आंदोलन में शराब बंटने का दावा किया गया तो कभी कॉपी पेस्ट कैंपेन के जरिए ये नैरेटिव बनाने की कोशिश की गई कि आंदोलनकारी महिलाओं के साथ छेड़छाड़ कर रहे हैं. क्विंट की वेबकूफ टीम ने इन दावों की पड़ताल कर सच आप तक पहुंचाया. एक नजर में जानिए ऐसे बड़े भ्रामक दावों के बारे में.","21 Nov 2021, 4:13 PM IST",The Quint,Kisaan Andolan,Anti BJP,Pro Kisan,
"किसान आंदोलन पर SKM- 'जारी रहेंगी महापंचायतें, अगली बैठक 27 नवंबर को'","दिल्ली में प्रदर्शनकारी किसानों ने कहा है कि महापंचायतें (Farmers Protests) पहले की तरह जारी रहेंगी. वहीं, 29 नवंबर को संसद तक होने वाला मार्च भी रद्द नहीं किया गया है. संयुक्त किसान मोर्चा (SKM) नेता बलबीर सिंह राजेवाल ने दिल्ली के सिंघु बॉर्डर से प्रेस कॉन्फ्रेंस में बताया कि किसान आंदोलन के भविष्य पर फैसला लेने के लिए अगली बैठक अब 27 नवंबर को होगी.","21 Nov 2021, 3:31 PM IST",The Quint,Kisaan Andolan,Neutral,Neutral,
"खाना भी, दवाई भी: धरना स्थलों पर कुछ लोगों ने किसानों का आंदोलन ऐसे जारी रखा",केंद्र सरकार के विवादस्पद तीन कृषि कानूनों (Farm Laws) से जब हजारों किसानों को लगा कि वे उन्हें बर्बाद कर देंगे तो नवंबर 2020 में उन्होंने राष्ट्रीय राजधानी की ओर मार्च किया. तब एक एक सवाल सामने आया कि इस संघर्ष के दौरान उनकी भूख को कौन मिटाएगा? ठीक तभी जसपाल सिंह ने गाजीपुर बॉर्डर के विरोध स्थल पर लंगर लगाने की सोची.,"20 Nov 2021, 8:52 PM IST",The Quint,Kisaan Andolan,Anti BJP,Pro Kisan,
"कृषि कानूनों को वापस लेने से था इंकार, 4 कारणों से झुकी मोदी सरकार",19 नवंबर को प्रधानमंत्री नरेंद्र मोदी ने देश को संबोधित करते हुए तीनों कृषि कानूनों को वापस लेने का ऐलान किया . लेकिन इस एलान के साथ एक सवाल खड़ा हुआ कि किसान नेताओं के साथ 12 दौर की बैठकों के बावजूद कृषि कानूनों पर टस से मस ना होने वाली मोदी सरकार को अचानक क्यों झुकना पड़ा ?,"20 Nov 2021, 5:36 PM IST",The Quint,Kisaan Andolan,Anti BJP,Pro Kisan,
कृषि कानून वापसीः वो बड़े मौके जब मोदी सरकार ने लिया U-TURN,"प्रधानमंत्री नरेंद्र मोदी (Narendra Modi) ने तीन नए कृषि कानूनों (Three new farm laws) को वापिस लेने का ऐलान कर दिया है. 19 नवंबर को नए कृषि कानूनों को ऐतिहासिक बताने वाली मोदी सरकार ने किसान आंदोलन (farmer Protest) के करीब एक साल बाद यू-टर्न (Modi Government U Turn) ले लिया. 600 से ज्यादा किसानों की जान लीलने वाले कानूनों पर लिया गया मोदी सरकार का यू टर्न पहली बार नहीं है. बीजेपी नेता कहते हैं कि पीएम मोदी कभी अपने फैसलों पर झुकते नहीं, लेकिन कृषि कानून ही नहीं इससे पहले भी कई ऐसा उदाहरण हैं जहां मोदी सरकार ने अपने ही बड़े फैसलों पर यू-टर्न लिया है.","19 Nov 2021, 6:54 PM IST",The Quint,Kisaan Andolan,Anti BJP,Neutral,
"जब कृषि कानूनों को संसद में रद्द किया जाएगा, तब आंदोलन वापस होगा: राकेश टिकैत",किसानों के एक साल के आंदोलन के बाद आखिरकार मोदी सरकार ने किसान बिल वापस लेने का फैसला लिया है. मोदी सरकार के इस फैसले के बाद किसानों के रिएक्शन भी सामने आ रहे हैं.भारतीय किसान यूनियन के नेता राकेश टिकैत (Rakesh Tikait) ने कहा-,"19 Nov 2021, 5:28 PM IST",The Quint,Kisaan Andolan,Neutral,Neutral,
"सिंघु बॉर्डर पर बैठे किसान बोले - ""कृषि कानून रद्द होने के बाद ही लौटेंगे घर""",विवादित कृषि कानूनों को आखिरकार रद्द करने का ऐलान कर दिया गया है. प्रधानमंत्री नरेंद्र मोदी ने देश के नाम संबोधन में बताया कि सरकार इन कानूनों को वापस लेने जा रही है. लेकिन पिछले एक साल से आंदोलन कर रहे किसानों का कहना है कि जब तक लिखित में नहीं मिल जाता है वो जश्न नहीं मनाएंगे और दिल्ली की सीमाओं पर बैठे रहेंगे. सिंघु बॉर्डर जाकर हमने कुछ किसानों से पीएम मोदी के इस ऐलान को लेकर बातचीत की.,"19 Nov 2021, 3:56 PM IST",The Quint,Kisaan Andolan,Neutral,Neutral,
"600 मौत और किसानों को 'आतंकी' बताने के बाद कृषि कानून वापस,आंदोलन के अहम पड़ाव","प्रधान मंत्री नरेंद्र मोदी (PM Narendra Modi) ने 19 नवंबर को देश के नाम संबोधन के दौरान तीनों विवादास्पद कृषि कानूनों (farm laws)को वापस लेने की घोषणा की है. लगभग 358 दिन पहले, 26 नवंबर 2020 को, किसान विवादास्पद कानूनों का विरोध करते हुए राष्ट्रीय राजधानी की सीमाओं पर एकत्र हुए थे.","19 Nov 2021, 3:21 PM IST",The Quint,Kisaan Andolan,Anti BJP,Neutral,
"करनाल में किसानों का प्रदर्शन जारी, अभी तक नहीं हुई सरकार से बात","हरियाणा (Haryana) में किसानों पर लाठीचार्ज के बाद अपनी मांगों को लेकर करनाल में किसानों का विरोध प्रदर्शन जारी है. किसान नेता राकेश टिकैत ने कहा, ''आगे क्या करना है ये बैठकर तय करेंगे. रात में प्रशासन से बातचीत नहीं हुई थी. प्रशासन अपना काम करे, वे दूसरे गेट का इस्तेमाल कर लें, कई गेट हैं.''","08 Sep 2021, 1:15 PM IST",The Quint,Kisaan Andolan,Neutral,Neutral,
किसान महापंचायत के मंच से 'अल्लाहु अकबर' के साथ 'हर-हर महादेव' के नारे भी लगे,सोशल मीडिया पर मुजफ्फरनगर (Muzaffarnagar) में 5 सितंबर को हुई किसान महापंचायत (Kisan Mahapanchayat) का एक वीडियो शेयर कर ये दावा किया जा रहा है कि किसान नेता राकेश टिकैत ने 'अल्लाहु अकबर' के नारे लगवाए. एक खास तरह का नैरेटिव सेट करने के लिए फैलाए जा रहे वीडियो की वेबकूफ टीम ने पड़ताल की. सामने आया कि ये वीडियो अधूरा है. असल में अल्लाहु अकबर के बाद 'हर हर महादेव' के भी नारे लगे थे.,"07 Sep 2021, 8:33 PM IST",The Quint,Kisaan Andolan,Neutral ,Pro Kisan,
"हरियाणा: करनाल में सचिवालय तक पहुंचे किसान, लाठीचार्ज के विरोध में घेराव","हरियाणा के करनाल (Karnal Farmers Protest) में किसानों पर हुए लाठीचार्ज के खिलाफ किसान महापंचायत बुलाई गई. 7 सितंबर को किसान हजारों की संख्या में करनाल की अनाज मंडी पर जमा हुए. जिसके बाद मिनी सचिवालय को घेरने के लिए मार्च शुरू हुआ. पहले तो पुलिस ने किसान नेताओं को हिरासत में लेकर मार्च रोकने की कोशिश की, लेकिन इसके बाद रणनीति बदलते हुए और किसानों के दबाव में आकर उन्हें छोड़ दिया गया.
जिसके बाद अब किसानों ने मिनी सचिवालय को पूरी तरह से घेर लिया है. किसान नेताओं का कहना है कि वो अब ये तय करेंगे कि कब तक यहां बैठना है.","07 Sep 2021, 7:43 PM IST",The Quint,Kisaan Andolan,Neutral ,Neutral ,
"मुजफ्फरनगर में हुई किसान महापंचायत की नहीं, शामली की 7 महीने पुरानी है ये फोटो","मुजफ्फरनगर में रविवार, 5 सितंबर को किसानों की महापंचायत हुई. जिसमें हजारों किसानों ने हिस्सा लिया. लेकिन इसके तुरंत बाद ही सोशल मीडिया पर भीड़ दिखाती एक फोटो शेयर होने लगी. फोटो को इस महापंचायत की बता शेयर किया जा रहा है.
हालांकि, पड़ताल में हमने पाया कि ये फोटो हाल की नहीं बल्कि करीब 7 महीने पुरानी है और शामली की है, जब तीन विवादास्पद कृषि कानूनों के खिलाफ किसानों ने बैठक की थी.","06 Sep 2021, 7:01 PM IST",The Quint,Kisaan Andolan,Neutral ,Neutral ,
"तस्वीरें: मुजफ्फरनगर महापंचायत से किसानों का शक्ति प्रदर्शन,हजारों का हुजूम",उत्तर प्रदेश और पड़ोसी राज्यों के हजारों की तादाद में किसान 5 सितंबर को (Muzaffarnagar) में ‘किसान महापंचायत’ (Kisan Mahapanchayat) के लिए एकत्रित हुए हैं.संयुक्त किसान मोर्चा के बैनर तले मुजफ्फरनगर के सरकारी इंटर कॉलेज मैदान में आयोजित इस महापंचायत से किसानों ने केंद्र सरकार को स्पष्ट संकेत दिया है कि वे विवादास्पद कृषि कानूनों पर पीछे हटने को तैयार नहीं हैं.,"05 Sep 2021, 6:45 PM IST",The Quint,Kisaan Andolan,Anti BJP,Neutral ,
"किसान महापंचायत: मुजफ्फरनगर पहुंचे राकेश टिकैत, किसानों की भारी भीड़ जुटी",नौ महीने से कृषि कानूनों के खिलाफ प्रदर्शन कर रहे किसानों ने आज मुजफ्फरनगर में महापंचायत (Kisan Mahapanchayat) बुलाई है. ये 'किसान महापंचायत' मुजफ्फरनगर के जीआईसी मैदान में बुलाई गई है. इसके लिए हजारों की संख्या में किसान वहां पहुंचे हैं. किसान नेता और भारतीय किसान यूनियन के प्रवक्ता राकेश टिकैत भी मैदान पर पहुंच चुके हैं.,"05 Sep 2021, 1:03 PM IST",The Quint,Kisaan Andolan,Neutral ,Neutral ,
किसानों पर लाठीचार्ज: दुष्यंत चौटाला बोले- 'कोई माला लेकर इंतजार नहीं करेगा',"हरियाणा के करनाल में किसानों पर हुए लाठीचार्ज मामले में अब सरकार बचाव के मूड में है. पुलिस की बर्बरता को लेकर हो रही आलोचना के बीच सरकार ने लाठीचार्ज को सही ठहराने की रणनीति अपना ली है. किसानों का सिर फोड़ने का आदेश देने वाले एसडीएम के खिलाफ जहां पहले एक्शन की बात कही गई थी, वहीं अब सीएम से लेकर डिप्टी सीएम तक उनके बचाव में उतर आए हैं.","31 Aug 2021, 4:21 PM IST",The Quint,Kisaan Andolan,Anti BJP,Neutral ,
"करनाल: किसान की मौत, संगठन का आरोप- 'पुलिस लाठीचार्ज में हुआ था घायल'",हरियाणा के करनाल में प्रदर्शन कर रहे किसानों पर पुलिस के लाठीचार्ज (Karnal Lathi Charge) के बाद एक किसान की मौत हो गई है. किसान नेता गुरनाम सिंह चढूनी ने जानकारी दी है कि सुशील काजल नाम के किसान की 28 अगस्त देर रात को मौत हो गई. उन्होंने बताया कि करनाल टोल प्लाजा पर पुलिस के लाठीचार्ज में उन्हें काफी चोट आई थी और देर रात हार्ट अटैक से उनकी मौत हो गई.,"29 Aug 2021, 8:10 PM IST",The Quint,Kisaan Andolan,Neutral ,Neutral ,
"करनाल: SDM के आदेश पर चौटाला- 'किसानों के खिलाफ बयान निंदनीय, कार्रवाई होगी'","हरियाणा के करनाल (Karnal Lathi Charge) में किसानों के विरोध प्रदर्शन के दौरान हुए पुलिस के लाठीचार्ज के बाद राज्य के उप-मुख्यमंत्री दुष्यंत चौटाला की प्रतिक्रिय आई है. करनाल के एसडीएम (SDM) आयुष सिन्हा के निर्देश की निंदा करते हुए दुष्यंत चौटाला ने कहा कि ""आईएएस अधिकारी के खिलाफ कार्रवाई की जाएगी.""","29 Aug 2021, 4:56 PM IST",The Quint,Kisaan Andolan,Neutral ,Neutral ,
"किसानों के समर्थन में विपक्ष का जंतर-मंतर तक मार्च, राहुल गांधी भी शामिल","कांग्रेस नेता राहुल गांधी (Rahul Gandhi) समेत विपक्ष के अन्य नेता कृषि कानूनों के खिलाफ विरोध प्रदर्शन कर रहे किसानों से मिलने जंतर-मंतर पहुंचे. बता दें कि विपक्षी पार्टियों ने शुक्रवार को बैठक करके पेगासस जासूसी (Pegasus) मुद्दे, कृषि कानूनों और ईंधन की कीमतों में वृद्धि पर चर्चा की अपनी मांग को जारी रखने का फैसला किया. नेताओं ने जंतर-मंतर पर किसानों के धरने में शामिल होने का भी फैसला किया, किसानों के समर्थन में नेता संसद से जंतर मंतर तक मार्च कर रहे हैं.","06 Aug 2021, 1:13 PM IST",The Quint,Kisaan Andolan,Neutral ,Neutral ,
किसान आंदोलन से जुड़े 183 लोगों को दिल्ली पुलिस ने किया था गिरफ्तार- सरकार,"कृषि कानूनों के खिलाफ देशभर के कई किसान संगठन लगातार प्रदर्शन (Farmers Protest) कर रहे हैं. लेकिन इस प्रदर्शन को लेकर कई किसानों के खिलाफ पिछले एक साल में कई केस दर्ज हुए हैं और उन्हें गिरफ्तार भी किया गया है. अब सरकार ने संसद में इसका जवाब दिया है. राज्यसभा में केंद्रीय गृहमंत्रालय की तरफ से दिए गए जवाब में बताया गया है कि, दिल्ली पुलिस ने किसान आंदोलन से जुड़े करीब 183 लोगों को अब तक गिरफ्तार किया है.","04 Aug 2021, 7:00 PM IST",The Quint,Kisaan Andolan,Neutral ,Neutral ,
राकेश टिकैत के लखनऊ घेरने वाले बयान पर UP BJP का ट्वीट-'योगी बक्कल तार दिया करे',"कृषि कानूनों के खिलाफ पिछले करीब 8 महीने से प्रदर्शन कर रहे किसानों ने अब यूपी को लेकर अपनी रणनीति तैयार कर ली है. हाल ही में किसान नेता राकेश टिकैत (Rakesh Tikait) ने ये ऐलान किया था कि अब लखनऊ को दिल्ली बनाया जाएगा और इसकी सीमाओं को चारों तरफ से घेरा जाएगा. ये संयुक्त किसान मोर्चा का फैसला है, लेकिन अब किसानों की इस चेतावनी पर यूपी बीजेपी की तरफ से एक ट्वीट किया गया है. जो काफी चर्चा में है. जिसमें टिकैत का कार्टून बनाया गया है और योगी के प्रदेश यूपी जाने पर बक्कल तारने की बात कही गई है.","29 Jul 2021, 9:26 PM IST",The Quint,Kisaan Andolan,Neutral ,Neutral ,
किसान संसद पर बोले कृषि मंत्री तोमर- संसद एक ही होती है जिसे जनता चुनकर भेजती है,"किसान दिल्ली की सीमाओं पर पिछले 8 महीने से प्रदर्शन (Farmers Protest) कर रहे हैं. लेकिन सरकार का रुख किसानों को लेकर लगातार सख्त होता जा रहा है. पहले केंद्रीय मंत्री मीनाक्षी लेखी ने किसानों को मवाली बता दिया तो अब खुद केंद्रीय कृषि मंत्री ने कहा है कि जो किसान संगठन किसान संसद की बात कर रहे हैं वो निरर्थक है. उन्होंने कहा है कि संसद एक ही होती है, जिसे जनता चुनकर भेजती है. वही संसद है.","24 Jul 2021, 10:19 PM IST",The Quint,Kisaan Andolan,Anti BJP,Pro Kisan,
दिशा रवि की गिरफ्तारी के बाद खौफ में दूसरे क्लाइमेट एक्टिविस्ट,"वीडियो एडिटर: दीप्ती रामदास
टूलकिस केस में दिशा रवि (Climate Activist Disha Ravi) की गिरफ्तारी से देश के अलग-अलग शहरों के युवा क्लाइमेट एक्टिविस्ट परेशान और डरे हुए हैं. द क्विंट ने कई ऐसे ही एक्टिविस्ट और उनके अभिभावकों से बातचीत की और जानने की कोशिश की कि आखिर उनके मन में इस पूरे मामले को लेकर क्या चल रहा है.
क्विंट से बातचीत में कुछ युवा एक्टिविस्ट बताते हैं कि पहले वो किसी मुद्दे पर पूरे दमखम और साहस के साथ अपनी बात रखते थे लेकिन अब प्रदर्शन करने से कतरा रहे हैं. इन लोगों में से कुछ का कहना है कि जलवायु संकट से भारत समेत पूरी दुनिया जूझ रही है लेकिन फिर भी जिन देशों में धुव्रीकरण है वहां इसपर काम करना मुश्किल हो गया है.","17 Feb 2021, 4:56 PM IST",The Quint,Kisaan Andolan,Anti BJP,Neutral ,
दिल्ली की सीमाओं पर ‘युद्ध जैसी’ किलेबंदी इतनी बेतुकी क्यों है?,"किलेबंदी, बैरिकेडिंग और पाबंदियां कई बार व्यवहारिक और मानसिक तौर पर असुरक्षा और सत्ता के दंभ की ओर इशारा करती हैं. ऐसे इंतजाम किसी देश की सरहद तक सीमित होने चाहिए. हां, अगर सशस्त्र विद्रोह, हिंसा और खूनखराबे की आशंका होती है, तभी देश की सीमाओं के भीतर ऐसे कदम उठाए जाते हैं. इसलिए ऐसे सुरक्षा बंदोबस्त (किसी खास स्थिति के लिए) आम तौर पर कश्मीर घाटी के ‘तनावग्रस्त इलाकों’, माओवादी हिंसा के 'लाल आतंक' और पूर्वोत्तर के राज्यों के लिए किए जाते थे.","07 Feb 2021, 2:20 PM IST",The Quint,Kisaan Andolan,Anti BJP,Neutral ,
राकेश टिकैत को हमसे बातचीत के बाद देना चाहिए बयान- डीपी सिंह,"संयुक्त किसान मोर्चा की तरफ से केंद्रीय कृषि मंत्री नरेंद्र सिंह तोमर के उस बयान की आलोचना की गई है, जिसमें उन्होंने संसद में कहा था कि कृषि कानून पूरी तरह किसानों के हित में हैं. इसके अलावा किसान नेताओं की तरफ से उन तमाम विदेशी हस्तियों को भी धन्यवाद दिया गया है, जिन्होंने किसान आंदोलन को अपना समर्थन दिया है. साथ ही पहली बार संयुक्त किसान मोर्चा और राकेश टिकैत के बीच मतभेद भी नजर आया है.","06 Feb 2021, 9:47 PM IST",The Quint,Kisaan Andolan,Anti BJP,Neutral ,
‘कोई भी प्रोपेगेंडा देश की एकता को नहीं डिगा सकता’- अमित शाह,"केंद्र के विवादित कृषि कानूनों के खिलाफ खड़े हुए किसान आंदोलन को मिल रहे विदेशी समर्थन को लेकर अब गृहमंत्री अमित शाह ने भी ट्वीट किया है. शाह ने विदेश मंत्रालय की तरफ से जारी बयान पर ही ट्वीट करते हुए लिखा कि कोई भी प्रोपेगेंडा भारत की एकता को नहीं तोड़ सकता है. उन्होंने लगातार अपनी हर लाइन में प्रोपेगेंडा शब्द का इस्तेमाल किया और बताने की कोशिश की, कि विदेशी हस्तियों की तरफ से किसानों को मिल रहा ये समर्थन एक प्रोपेगेंडा है. इसके साथ ही शाह ने #IndiaAgainstPropaganda हैशटैग का इस्तेमाल भी किया.","03 Feb 2021, 8:07 PM IST",The Quint,Kisaan Andolan,Anti BJP,Neutral ,
"कृषि कानूनों के समर्थन में उतरे अक्षय कुमार, अजय देवगन ","जहां एक तरफ किसान आंदोलन के समर्थन में दुनिया भर की मशहूर हस्तियां आवाज उठा रही हैं, वहीं पहली बार बॉलीवुड एक्टर अक्षय कुमार ने इस मामले पर अपनी बात रखी है. अक्षय कुमार ने भारत सरकार के पक्ष में बयान दिया है. विदेश मंत्रालय के प्रवक्ता अनुराग श्रीवास्तव के ट्वीट को रीट्वीट करते हुए अक्षय ने लिखा,","03 Feb 2021, 5:12 PM IST",The Quint,Kisaan Andolan,Anti BJP,Neutral,
अमित शाह ट्रैक्टर रैली में घायल पुलिसवालों से मिलने अस्पताल पहुंचे,"गृहमंत्री अमित शाह 26 जनवरी को किसानों के ट्रैक्टर रैली में घायल पुलिसवालों से मिलने अस्पताल पहुंचे. बता दें कि केंद्र सरकार के कृषि कानून का विरोध कर रहे किसानों ने 26 जनवरी को ट्रैक्टर रैली निकाला था, जिस दौरान हिंसा भड़की और कई पुलिसवाले घायल भी हए. घायल पुलिस वालों का हाल चाल जानने के लिए गृहमंत्री अस्पताल पहुंचे.
गृह मंत्रालय के अधिकारियों के अनुसार, घायल पुलिसकर्मियों का हालचाल जानने अमित शाह सिविल लाइन क्षेत्र में सुश्रुत ट्रॉमा सेंटर और तीरथ राम अस्पताल पहुंचें.","28 Jan 2021, 12:46 PM IST",The Quint,Kisaan Andolan,Pro BJP,Neutral ,
कृषि कानून पर IMF की चीफ इकनॉमिस्ट गीता गोपीनाथ बोलीं-बढ़ेगा मुनाफा,"जहां एक तरफ कृषि कानूनों के खिलाफ हजारों किसान कई महीनों से विरोध प्रदर्शन कर रहे हैं, वहीं अंतरराष्ट्रीय मुद्रा कोष (IMF) की मुख्य आर्थिक सलाहकार गीता गोपीनाथ उन कानूनों की तारीफ कर रही हैं. गोपीनाथ के मुताबिक केंद्र द्वारा पेश किए गए तीन कृषि कानूनों में किसानों की आय बढ़ाने की क्षमता है.","28 Jan 2021, 8:26 AM IST",The Quint,Kisaan Andolan,Pro BJP,Neutral ,
किसानों को भड़काकर दीप सिधू लाल किला ले गया- गुरनाम सिंह चढूनी,ट्रैक्टर परेड हिंसा मामले में अब भारतीय किसान यूनियन नेता गुरनाम सिंह चढूनी ने एक्टर दीप सिद्धू पर बड़ा आरोप लगाया है. चढ़ूनी का कहना है कि दीप सिद्धू की सरकार के साथ मिलीभगत है और दीप ही प्रदर्शनकारियों को लाल किले पर लेकर गए थे. किसान संगठनों की तरफ से आयोजित ट्रैक्टर परेड में लाल किले पर जाने का किसी तरह का कार्यक्रम नहीं था.,"26 Jan 2021, 11:11 PM IST",The Quint,Kisaan Andolan,Anti BJP,Neutral ,Indirect Speech
कृषि कानून वापस लेना सरकार के लिए अपमान का घूंट पीने जैसा नहीं,"केंद्र सरकार कृषि विधेयकों पर नीति नहीं, राय बदलने की कोशिश कर रही है. लेकिन राम मंदिर विवाद की तरह इस बार निर्वाचित सरकार सारे फैसलों को अदालत के मत्थे नहीं मढ़ सकती ताकि उसकी अपनी इमेज साफ-सुथरी बनी रहे.","14 Jan 2021, 10:50 PM IST",The Quint,Kisaan Andolan,Anti BJP,Neutral ,
"किसान आंदोलन में ‘खालिस्तानी घुसपैठ’, IB का इनपुट- SC में सरकार","केंद्र सरकार के तीन विवादित कृषि कानूनों को लेकर अब सुप्रीम कोर्ट में सुनवाई चल रही है. केंद्र और किसानों के बीच कई दौर की बातचीत के बेनतीजा निकलने के बाद अब सुप्रीम कोर्ट ने अगले आदेश तक तीनों कानूनों को लागू करने पर रोक लगा दी है. साथ ही कमेटी भी गठित कर दी गई है. किसान आंदोलन को लेकर बीजेपी के तमाम नेताओं की जुबान से खालिस्तान का जिक्र तो अब तक हमने सुना था, लेकिन केंद्र सरकार की तरफ से अब सुप्रीम कोर्ट में खालिस्तान का जिक्र किया गया.","12 Jan 2021, 10:26 PM IST",The Quint,Kisaan Andolan,Anti BJP,Pro Kisan,
"किसान-सरकार वार्ता: फेल, फेल, फेल, फेल, फेल, फेल, फेल...","किसानों की ही भाषा में कहें तो 7 महीने का आंदोलन, 7 राउंड की सरकार से बातचीत और नतीजा फिर भी नहीं निकला. तारीख पर तारीख मिल रही है, लेकिन बात जहां से शुरू हुई है वहीं पर खत्म हो जा रही है. दिल्ली के अलग-अलग बॉर्डर पर प्रदर्शन कर रहे किसानों को 4 जनवरी की बैठक का इंतजार था. इस बैठक में किसान जहां तीनों कानूनों को रद्द करने की मांग पर अड़े रहें वहीं सरकार की तरफ से संशोधन और सुधार करने की बात की गई लेकिन किसान इस बात पर सहमत नहीं थे.","05 Jan 2021, 5:02 PM IST",The Quint,Kisaan Andolan,Anti BJP,Pro Kisan,
किसान आंदोलन के बीच दिल्ली बॉर्डर पर सिख संत बाबा ने किया सुसाइड,"दिल्ली में चल रहे किसानों के प्रदर्शन से एक बड़ी खबर सामने आई है. दिल्ली बॉर्डर पर एक किसान ने आत्महत्या कर ली है. बताया जा रहा है कि सुसाइड करने वाले किसान का नाम बाबा राम सिंह है, जो हरियाणा के एक गुरुद्वारे में प्रमुख थे. रिपोर्ट्स के मुताबिक उन्होंने खुद को गोली मारकर खुदकुशी कर ली. सुसाइड से पहले उन्होंने एक नोट लिखा था, जिसमें किसान आंदोलन के प्रति सरकार के रवैये का जिक्र किया गया था.","16 Dec 2020, 9:37 PM IST",The Quint,Kisaan Andolan,Anti BJP,Neutral ,
पूंजीपतियों के शोषण का शिकार हुए दलितों की लड़ाई लड़ते किसान,"यह किसान आंदोलन अब तक हुए आंदोलनों से अलग है. इसके पहले जो आंदोलन हुए उनके आंदोलनकारियों की शिकायत सरकार से हुआ करती थी, लेकिन इस बार पूंजीपति भी दायरे में आए हैं. यही वजह है कि कई वर्गों का सरोकार वर्तमान आंदोलन से जुड़ गया है. जो काम विपक्ष न कर सका किसान आंदोलन ने करके दिखा दिया. शुरुआत में इसे बदनाम करने की कोशिश हुई और कहा गया कि पंजाब के ही किसान आंदोलन कर रहे हैं.","15 Dec 2020, 5:09 PM IST",The Quint,Kisaan Andolan,Anti BJP,Pro Kisan,
"संडे व्यू:रियलिटी चेक है किसान आंदोलन,BJP के लिए अनजाना नहीं बंगाल",लोकतंत्र का रियलिटी चेक है किसान आंदोलन,"13 Dec 2020, 7:50 AM IST",The Quint,Kisaan Andolan,Anti BJP,Neutral ,
"प्रज्ञा ठाकुर ने किसानों को बताया वामपंथी, पीयूष गोयल का भी बयान","केंद्र सरकार के मंत्री भले ही किसानों से बातचीत को लेकर बयान दे रहे हों, लेकिन दूसरी तरफ से इस आंदोलन को कहीं न कहीं नए रंग देने की कोशिश भी हो रही है. अब सरकार के मंत्रियों ने भी आंदोलन को नक्सलवाद और माओवाद से जोड़ना शुरू कर दिया है. केंद्रीय मंत्री पीयूष गोयल ने कहा कि अगर प्रदर्शन को नक्सलियों और माओवादियों से मुक्त किया जाता है तो हमारे किसान जरूर समझेंगे कि ये कानून उनके और देश के हित में हैं. पीयूष गोयल के अलावा विवादों में रहने वालीं बीजेपी नेता प्रज्ञा ठाकुर ने तो किसानों को ही नकली बता दिया है.","12 Dec 2020, 8:41 PM IST",The Quint,Kisaan Andolan,Anti BJP,Pro Kisan,
"कृषि मंत्री बोले- बिजनेसमैन नहीं हड़प सकते जमीन,हम बातचीत को तैयार","कृषि कानूनों को लेकर किसानों का प्रदर्शन जारी है और सरकार के प्रस्ताव को किसान खारिज कर चुके हैं. ऐसे में अब सरकार ने खुद सामने आकर किसानों के साथ हुई बातचीत और अपने प्रस्ताव की जानकारी दी है. केंद्रीय कृषि मंत्री नरेंद्र सिंह तोमर ने कहा कि उन्होंने किसानों को हर मुद्दे पर बातचीत का न्योता दिया और उनकी समस्याओं को सुलझाने की कोशिश की गई. इसके साथ ही उन्होंने कानून में जिन बिंदुओं पर किसानों को आपत्ति है, उन पर सरकार का स्टैंड भी बताया.","10 Dec 2020, 5:04 PM IST",The Quint,Kisaan Andolan,Pro BJP,Neutral ,Indirect Speech
"किसान नेताओं की अमित शाह के साथ बैठक, 10 बड़ी बातें","केंद्र सरकार के 3 नए कृषि कानूनों का विरोध कर रहे किसान संगठनों ने मंगलवार को 'भारत बंद' बुलाया, जिसे देशभर में कई विपक्षी दलों और संगठनों का समर्थन भी मिला. इस बंद के तहत सुबह 11 बजे से दोपहर 3 बजे तक चक्का जाम का ऐलान किया गया था.","08 Dec 2020, 7:32 PM IST",The Quint,Kisaan Andolan,Anti BJP,Neutral ,
भारत बंद से ठीक पहले केंद्र की कानून समर्थक किसानों से मुलाकात,पिछले करीब 12 दिनों से हजारों किसान दिल्ली और उसकी सीमाओं पर डटे हैं. मांग है कि केंद्र सरकार तीन कृषि कानूनों को रद्द करे. इसे लेकर अब मंगलवार 8 दिसंबर को बंद भी बुलाया गया है. 5 दिसंबर को हुई केंद्र और किसानों की बातचीत में केंद्र सरकार ने किसानों से 9 दिसंबर तक का वक्त मांगा. हर किसी ने सवाल उठाए कि आखिर केंद्र फैसला लेने में इतना वक्त क्यों ले रहा है?,"07 Dec 2020, 10:05 PM IST",The Quint,Kisaan Andolan,Anti BJP,Neutral ,
राजस्थान में बीजेपी की सहयोगी RLP भारत बंद के समर्थन में,"राजस्थान में एनडीए की सहयोगी राष्ट्रीय लोकतांत्रिक पार्टी (आरएलपी) ने रविवार को किसान संघों द्वारा 8 दिसंबर को बुलाए गए भारत बंद को अपना समर्थन दिया. कांग्रेस ने भी बंद को समर्थन दिया है. आरएलपी सांसद हनुमान बेनीवाल ने इस कानून को 'काला कानून' करार दिया और कहा कि अगर केंद्र किसानों की मांगें मानने में विफल रहता है, तो वह 8 दिसंबर को बीजेपी के साथ अपनी पार्टी के गठबंधन पर अंतिम फैसला ले सकते हैं. बेनीवाल की पार्टी आरएलपी केंद्र में भारतीय जनता पार्टी (बीजेपी) की सहयोगी है.","07 Dec 2020, 7:11 AM IST",The Quint,Kisaan Andolan,Anti BJP,Pro Kisan,
"भारत बंद से पहले किसान संगठनों ने कहा, अब हमारे मन की बात सुनें PM",नए कृषि कानूनों के खिलाफ किसान संगठनों ने 8 दिसंबर को भारत बंद का ऐलान किया है. इसी को देखते हुए आज किसान संगठनों ने सिंघु बॉर्डर पर प्रेस कॉन्फ्रेंस की. किसानों ने साफ-साफ केंद्र सरकार से कहा है कि आंदोलन को तेज करना उनकी मजबूरी है क्योंकि केंद्र सरकार उनके मुद्दों पर संजीदगी से फैसला नहीं ले रही है.,"06 Dec 2020, 6:45 PM IST",The Quint,Kisaan Andolan,Anti BJP,Neutral ,
"BJP की मोर्चेबंदी में SAD,ममता से की बात,पवार-ठाकरे से आज मुलाकात",नए कृषि कानूनों के नाम पर एनडीए से अलग हुई लिए शिरोमणि अकाली दल (SAD) बीजेपी के खिलाफ मोर्चेबंदी की तैयारी कर रही है. इसके लिए शिरोमणि अकाली दल ने बड़ी विपक्षी पार्टियों से संपर्क साधना शुरू कर दिया है. अकाली दल के नेता एनडीए के खिलाफ देश के अलग-अलग राज्यों की विपक्षी पार्टियों से मुलाकात कर रहे हैं.,"06 Dec 2020, 2:13 PM IST",The Quint,Kisaan Andolan,Anti BJP,Neutral ,
BJP की सहयोगी JJP का बड़ा बयान- MSP गई तो चौटाला देंगे इस्तीफा,"हरियाणा में बीजेपी सरकार की सहयोगी जननायक जनता पार्टी (जेजेपी) ने किसान आंदोलन पर बड़ा बयान दिया है. पार्टी ने कहा है कि हरियाणा सरकार में दुष्यंत चौटाला के उपमुख्यमंत्री रहते हुए फसलों के न्यूनतम समर्थन मूल्य (एमएसपी) पर किसी तरह की आंच नहीं आने दी जाएगी. अगर, किसानों को एमएसपी पर नुकसान हुआ तो फिर दुष्यंत चौटाला पद से इस्तीफा दे देंगे.","02 Dec 2020, 9:14 PM IST",The Quint,Kisaan Andolan,Anti BJP,Neutral,
"किसानों का विरोध प्रदर्शन आज भी जारी, UP बॉर्डर पर बैरिकेड्स गिराए","किसान आंदोलन बुधवार को सातवें दिन जारी है और आगे की रणनीति बनाने के लिए सिंघू बॉर्डर पर किसान संगठनों के नेताओं की बैठक चल रही है. केंद्र सरकार के साथ हुई वार्ता विफल होने के बाद किसान नेताओं की यह बैठक काफी अहम है, क्योंकि इसमें सरकार द्वारा दिए गए प्रस्ताव पर भी वे विचार कर रहे हैं.
सरकार ने किसान संगठनों को तीन दिसंबर यानी गुरुवार को फिर बातचीत के लिए बुलाया है. सिंघू बॉर्डर पर चल रही किसानों की इस बैठक में पंजाब के 30 किसान संगठनों के नेता मौजूद हैं. बैठक में जाने से पहले भारतीय किसान यूनियन (लाखोवाल) के जनरल सेक्रेटरी हरिंदर सिंह ने आईएएनएस से कहा कि किसानों की मांग है कि तीनों नये कृषि कानून को रद्द किया जाए, जबकि सरकार कमेटी बनाकर संशोधन की बात कर रही है. उन्होंने कहा,","02 Dec 2020, 12:05 PM IST",The Quint,Kisaan Andolan,Anti BJP,Pro Kisan,
"किसान आंदोलन: बैकफुट पर सरकार, थोड़ा और आगे बढ़ने की दरकार",वीडियो एडिटर- कनिष्क दांगी,"01 Dec 2020, 10:41 PM IST",The Quint,Kisaan Andolan,Pro BJP,Neutral,Detail not available
मोदी सरकार पर बरसे राहुल-’अहंकार से निकलो और किसानों को हक दिलाओ’,"कांग्रेस नेता राहुल गांधी ने मंगलवार को एक बार फिर प्रधानमंत्री नरेंद्र मोदी का नाम लिए बिना उन पर कटाक्ष करते हुए कहा है कि उन्हें घमंड से दूर रहने और प्रदर्शनकारी किसानों को उनका अधिकार देने की जरूरत है.
केरल के वायनाड से सांसद राहुल गांधी ने कहा,","01 Dec 2020, 12:50 PM IST",The Quint,Kisaan Andolan,Anti BJP,Neutral,Indirect Speech
"आंसू गैस के गोले, वॉटर कैनन,डंडे,किसानों से आतंकी जैसा सलूक क्यों?","वीडियो एडिटर: अभिषेक शर्मा
वीडियो प्रोड्यूसर: मौसमी सिंह","28 Nov 2020, 10:44 AM IST",The Quint,Kisaan Andolan,Anti BJP,Pro Kisan,Detail not available
"पानी, आंसू गैस और लाठियां झेलने के बाद आखिरकार दिल्ली पहुंचे किसान","ये भी पढ़ें
कृषि विधेयकों पर हंगामा, बिना डेटा के सरकार- कुछ ऐसा रहा संसद सत्र","27 Nov 2020, 11:40 PM IST",The Quint,Kisaan Andolan,Anti BJP,Neutral,
किसानों को दिल्ली नहीं घुसने देने पर अड़ी सरकार क्यों झुकी?,क्या ये किसान आंदोलन राजनीतिक है? अगर हां तो कौन क्या राजनीति कर रहा है? और ये बात कहां तक जाएगी? भारत में हर वक्त किसानों के आंदोलन चलते रहते हैं लेकिन किसान आंदोलन में ऐसी क्या खास बात है जिसका बड़ा राजनीतिक परिणाम हो सकता है? ये बात NDA सरकार के रूख से ही साफ हुई है. वरना इसे आया गया आंदोलन माना जा सकता था.,"27 Nov 2020, 11:35 PM IST",The Quint,Kisaan Andolan,Anti BJP,Neutral,
"दिल्ली में किसानों को प्रदर्शन की इजाजत,पंजाब के CM ने किया स्वागत","लगभग 24 घंटे से ज्यादा किसानों और पुलिस के बीच चली झड़प के बाद अब केंद्र सरकार ने दिल्ली में प्रदर्शन की इजाजत दे दी है. किसानों ने केंद्र के कृषि कानूनों के खिलाफ 26 नवंबर को दिल्ली कूच किया था, लेकिन उन्हें अलग-अलग बॉर्डर पर रोक लिया गया. इसके बाद केंद्र सरकार की जमकर आलोचना भी हुई. हजारों किसानों ने रात दिल्ली के बॉर्डर पर ही गुजारी.","27 Nov 2020, 3:26 PM IST",The Quint,Kisaan Andolan,Anti BJP,Pro Kisan,
भारत बंद से पहले कृषि मंत्री बोले-आधी रात को भी चर्चा के लिए तैयार,कृषि बिलों को लेकर देशभर के किसानों में नाराजगी है. विपक्षी नेताओं के अलावा हजारों किसान भी प्रदर्शन कर रहे हैं. इस मुद्दे को लेकर शुक्रवार 25 सितंबर को भारत बंद बुलाया गया है. लेकिन इस बंद से ठीक पहले केंद्रीय कृषि मंत्री नरेंद्र सिंह तोमर ने प्रेस कॉन्फ्रेंस कर कहा कि किसानों को गुमराह होने की जरूरत नहीं है. इस दौरान उन्होंने कांग्रेस पर कई आरोप लगाए और कहा कि कांग्रेस अपने ही घोषणा पत्र के खिलाफ बोल रही है.,"24 Sep 2020, 5:20 PM IST",The Quint,Kisaan Andolan,Pro BJP,Neutral,Indirect Speech
किसान बिल पर चिदंबरम बोले- मोदी सरकार किसानों से झूठ ना बोले,कांग्रेस नेता और पूर्व वित्त मंत्री पी चिदंबरम ने मोदी सरकार के कृषि बिल पास करने मोदी सरकार पर हमला बोला है. चिदंबरम ने एक का बाद एक कई ट्वीट कर सरकार से सवाल पूछा है. चिंदंबरम ने मोदी सरकार को घेरते हुए कहा है कि मोदी सरकार को किसानों के साथ झूठ नहीं बोलना चाहिए और ना ही उनसे झूठे वादे करने चाहिए.,"21 Sep 2020, 8:04 PM IST",The Quint,Kisaan Andolan,Anti BJP,Neutral,Indirect Speech
सांसदों के निलंबन पर बोले राहुल-लोकतांत्रिक देश की आवाज दबाना जारी,"राज्यसभा में 8 सांसदों को एक हफ्ते के लिए सस्पेंड कर दिया गया है, जिसको लेकर कांग्रेस नेता राहुल गांधी का रिएक्शन सामने आया है.","21 Sep 2020, 12:52 PM IST",The Quint,Kisaan Andolan,Anti BJP,Neutral,Indirect Speech
पंजाब: कृषि बिलों का विरोध कर रहे किसान ने की खुदकुशी की कोशिश,"बीजेपी के सबसे पुराने सहयोगी शिरोमणि अकाली दल के विरोध के बावजूद लोकसभा में दो विवादास्पद कृषि विधेयकों के पारित होने के एक दिन बाद, शुक्रवार को पंजाब में विधेयकों का विरोध कर रहे एक किसान ने खुदकुशी की कोशिश की.शिरोमणि अकाली दल ने विधेयकों को किसान विरोधी करार दिया था.","18 Sep 2020, 12:07 PM IST",The Quint,Kisaan Andolan,Anti BJP,Neutral,
"HC में ट्विटर ने कहा, "" ट्वीट के बजाए कुछ अकाउंट को ही ब्लॉक करने को कह रही सरकार""","Government asking to block Twitter accounts: कर्नाटक हाई कोर्ट में ट्विटर ने दावा किया है कि सरकार ने जिन ट्वीट को ‘ब्लॉक’ करने को कहा, उनमें से 50-60 फीसदी अहानिकारक थे. ट्विटर को 1,178 अकाउंट ब्लॉक करने को कहा गया.   ","Sep 26,2022, 23:37 PM IST",ZEE News,Kisaan Andolan,,,Twitter related
"धान खरीदी की मांग को लेकर किसानों ने GT रोड को किया ब्लॉक, हाइवे पर भीषण जाम","कुरुक्षेत्र: धान की खरीदी शुरू न होने से गुस्साए किसानों ने आंदोलन का रास्ता चुन लिया है, आज दूसरे दिन किसानों का आंदोलन लगातार जारी है. इस बीच प्रशासन के द्वारा दिल्ली से आने वाली गाड़ियों के लिए करनाल से इंद्री, लाडवा ,बाबैन से होते हुए नेशनल हाईवे चंडीगढ़ जाने का रास्ता और चंडीगढ़ से आते हुए सहा रोड बाबैन,लाडवा, इंद्री करनाल से दिल्ली आने की सलाह दी है.","Sep 24,2022, 9:45 AM IST",ZEE News,Kisaan Andolan,Neutral,Anti Kisan,
"धान खरीदी की मांग को लेकर GT रोड पर डटे किसान, लोगों को इन रास्तों से जानें की सलाह","धान की खरीदी शुरू नहीं होने के बाद शुक्रवार से किसानों का आंदोलन लगातार जारी है, किसानों ने शाहाबाद में जीटी रोड पर जाम लगा दिया है, जिसके बाद जाम से बचने के लिए प्रशासन के द्वारा दिल्ली से आने वाली गाड़ियों के लिए करनाल से इंद्री, लाडवा ,बाबैन से होते हुए नेशनल हाईवे चंडीगढ़ जाने का रास्ता और चंडीगढ़ से आते हुए सहा रोड बाबैन,लाडवा, इंद्री करनाल से दिल्ली आने की सलाह दी है. ","Sep 24,2022, 9:17 AM IST",ZEE News,Kisaan Andolan,Pro BJP,Neutral,
क्या मुश्तरका मालकान भूमि मामला बन जाएगा सरकार के गले की फांस? आखिर ये है क्या मामला,मुश्तरका मालकान व जुमला मालकान भूमि मामले को लेकर भारतीय किसान यूनियन चढूनी ग्रुप (Bhartiya Kisan Union Chadhuni Group) ने आज करनाल के प्रेमनगर स्थित सीएम आवास पर धरना प्रदर्शन किया. इस दौरान बड़ी संख्या में महिला किसान धरने में शामिल हुई.,"Aug 25,2022, 18:48 PM IST",ZEE News,Kisaan Andolan,Neutral,Neutral,
दिल्ली के इन बॉर्डरों पर स्थानीय पुलिस और सिविल ड्रेस में स्पेशल स्टाफ मौजूद,दिल्ली के जंतर मंतर पर आज हजारों की संख्या में किसान इकट्ठा होकर महापंचायत कर रहे हैं. इस महापंचायत में 10 मुद्दों को शामिल किया गया है. किसानों का कहना है की सरकार ने जो वादा किया था उसे अभी तक पूरा नहीं किया. इसीलिए हम लोग आज जंतर मंतर पर इकट्ठा होकर महापंचायत कर रहे हैं और इस महापंचायत में तय होगा कि अगर सरकार अपने वादों को पूरा नहीं करेगी तो हम आगे किस तरह का आंदोलन करेंगे.,"Aug 22,2022, 14:00 PM IST",ZEE News,Kisaan Andolan,Neutral,Neutral,
"दिल्ली में किसानों की महापंचायत, सिंघु बॉर्डर सहित कई इलाकों में हाई अलर्ट पर पुलिस",किसान संगठनों ने सोमवार को एक बार फिर अपनी मांगों को लेकर दिल्ली के जंतर मंतर पर महापंचायत का ऐलान किया है. इसको लेकर दिल्ली प्रशासन पूरी तरह अलर्ट है. कई जगहों पर पुलिस सुरक्षा बढ़ा दी गई है.,"Aug 22,2022, 9:43 AM IST",ZEE News,Kisaan Andolan,Neutral,Neutral,
"MSP को लेकर केंद्र की कमेटी को नकारा, इसमें BJP, RSS के लोग- संयुक्त किसान मोर्चा","केंद्र सरकार ने 3 कृषि कानूनों को वापस लेने की घोषणा करने के बाद कमेटी बनाने की बात कही थी, जिसमें एमएसपी के लिए कानून बनाने की बात हुई थी. अब उस कमेटी को संयुक्त किसान मोर्चा ने करनाल में मीटिंग के दौरान सिरे से नकार दिया है. ","Jul 20,2022, 19:06 PM IST",ZEE News,Kisaan Andolan,Pro BJP,Neutral,
क्या देश में फिर होने वाला है किसान आंदोलन? राकेश टिकैट ने खुद कही ये बड़ी बात,SKM Meeting In Ghaziabad: संयुक्त किसान मोर्चा (SKM) किसानों से जुड़े मुद्दों को लेकर फिर से आंदोलन करने की तैयारी में है. आज गाजियाबाद में SKM की जरूरी बैठक होगी. इससे पहले किसान नेता राकेश टिकैट ने कई बड़ी बातें कहीं.,"Jul 3,2022, 12:22 PM IST",ZEE News,Kisaan Andolan,Neutral,Neutral,
सिरसा में किसानों पर दर्ज केस खत्म करने के लिए डीसी ने सरकार को लिखा पत्र,11 जुलाई 2021 को किसान आंदोलन के दौरान चौधरी देवीलाल यूनिवर्सिटी आए हरियाणा के डिप्टी स्पीकर रणबीर सिंह गंगवा की कार पर पथराव कर दिया था. पुलिस ने इस मामले में 100 के खिलाफ मामला दर्ज किया था.,"Jul 1,2022, 23:40 PM IST",ZEE News,Kisaan Andolan,Neutral,Neutral,
Himachal: राकेश टिकेत ने जयराम सरकार पर लगाया किसान विरोधी होने का आरोप,किसान नेता राकेश टिकैत इन दिनों हिमाचल दौरे पर हैं. हिमाचल दौरे के पहले दिन उन्होंने ऊना में किसान नेताओं और कुछ किसानों से मुलाकात की थी. इस दौरान उन्होंने ऊना जिले के सनौली में गुरद्वारा साहिब में माथा टेका और अरदास की.,"Jun 22,2022, 16:21 PM IST",ZEE News,Kisaan Andolan,Neutral,Anti Kisan,
भारतीय किसान यूनियन में पड़ी दरार,देश में जब पिछले साल किसान आंदोलन चला तो भारतीय किसान यूनियन के नेता राकेश टिकैत एक बड़ा चेहरा बनकर उभरे.जब आंदोलन खत्म हुआ तो देश के अलग-अलग हिस्सों में जाकर राकेश टिकैत ने बीजेपी सरकार को घेरने की कोशिश की.जमकर राजनीतिक बयानबाजी की.बंगाल से लेकर यूपी तक बीजेपी को हराने का आह्वान किया.लेकिन यूपी में टिकैट की बातों को किसी ने ध्यान नहीं दिया और यूपी में बीजेपी की फिर सरकार बनी.अब टिकैट की ये राजनीतिक बयानबाजी ही उनपर भारी पड़ी गई है.भारतीय किसान यूनियन दो हिस्सों टूट चुका है,"May 16,2022, 17:48 PM IST",ZEE News,Kisaan Andolan,Pro BJP,Anti Kisan,
"भारतीय किसान यूनियन दो गुटों में बंटा, सामने आई बिखराव की बड़ी वजह",लखनऊ में आयोजित एक कार्यक्रम में एक नए किसान संगठन भारतीय किसान यूनियन (अराजनैतिक) बनाने की घोषणा की गई. राजेश सिंह चौहान को इसका अध्यक्ष बनाए जाने की घोषणा की गई.,"May 16,2022, 4:14 AM IST",ZEE News,Kisaan Andolan,Neutral,Anti Kisan,
"राकेश टिकैत का बड़ा आरोप: किसानों की जमीन छीनने में जुटी सरकार, नहीं होने देंगे सफल",बुधवार के दिन धरना स्थल पर टिकैत भी पहुंचे थे. इसी दौरान उन्होंने केंद्र सरकार को आड़े हाथों लेते हुए कहा कि जल्द से जल्द किसानों की मांगें पूरी की जाएं. टिकैत यही नहीं रुके उन्होंने ये भी कहा कि हरियाणा के किसान मजबूती से लड़ना जानते हैं.,"Apr 21,2022, 9:23 AM IST",ZEE News,Kisaan Andolan,Pro BJP,Anti Kisan,
"कृषि कानूनों पर खुलासा: 3 कानूनों से 86% किसान संगठन थे खुश, चुनाव के लिए बिल वापस",केंद्र सरकार के तीन कृषि कानूनों को जानने के लिए सुप्रीम कोर्ट की ओर से बनाई गई कमेटी ने एक बड़ा खुलासा किया है. रिपोर्ट में दावा किया गया है कि  85% किसान इन बिलों के पक्ष में थे. 70 में से 61 किसान संगठनों ने कृषि बिलों का समर्थन किया था.,"Mar 22,2022, 15:53 PM IST",ZEE News,Kisaan Andolan,Pro BJP,Neutral,
क्या फिर सरकार को घेरने की तैयारी कर रहे किसान? आज दिल्ली में जुटेंगे कई किसान नेता,संयुक्त किसान मोर्चा (एसकेएम) न्यूनतम समर्थन मूल्य (एमएसपी) पर पैनल के गठन समेत किसानों से किये गये वादों पर केंद्र की अबतक की प्रगति की समीक्षा करने के लिए सोमवार को दिल्ली में बैठक करेगा.,"Mar 14,2022, 0:11 AM IST",ZEE News,Kisaan Andolan,Pro BJP,Neutral,
"किसानों का आंदोलन जारी, सरकार ने 8 में से 6 मांगे मानी, 2 पर बिगड़ा मामला",रायपुर में किसानों का आंदोलन जारी है. सरकार ने किसानों की 8 में से 6 मांगे मान ली है. बावजूद इसके आंदोलन जारी है. अब मामला बची हुई दो मांगों पर रुका है.,"Mar 4,2022, 11:20 AM IST",ZEE News,Kisaan Andolan,Pro BJP,Neutral,
"लाल किला हिंसा में आरोपी पंजाबी एक्टर दीप सिद्धू की मौत, चन्नी ने ट्वीट कर जताया दुख","Deep sidhu death : किसान आंदोलन के दौरान दीप सिद्धू उस समय मुसीबत में घिर गए थे, जब उन्हें 26 जनवरी 2021 को हुई लाल किला हिंसा मामले में आरोपी बनाया गया था. उस समय वे लाल किले पर धार्मिक झंडा लहराते कैमरे में कैद हुए थे. इस केस‌ में दीप सिद्धू की गिरफ्तारी भी हुई थी.","Feb 15,2022, 22:53 PM IST",ZEE News,Kisaan Andolan,Neutral,Neutral,
Deep Sidhu Death: कौन हैं दीप सिद्धू ; किसान आंदोलन से क्यों आए थे चर्चा में ?,Deep Sidhu Death : दीप सिद्धू विवादित तीन कृषि कानूनों के विरोध को लेकर उस वक्त सुर्खियों में आए थे जब लाल किले में हुई हिंसा को लेकर उन्हें आरोपी बनाया गया था और उन्हें गिरफ्तार किया गया.,"Feb 15,2022, 22:49 PM IST",ZEE News,Kisaan Andolan,Neutral,Neutral,
"यूपी में BJP के वोट तो कोको ले गई, राकेश टिकैत ने बताया- कोको कौन",Rakesh Tikait in Haryana : हरियाणा में बुढ़ापा पेंशन कटने पर किसान नेता ने कहा कि सरकार याद रखे अब यहां बुड्ढों का आंदोलन होगा. टिकैत ने कहा कि देश को मजदूर कॉलोनी बनाया जा रहा है. यह बहुत बड़ा षड्यंत्र है. आने वाले समय में एक बड़ा आंदोलन होगा. कुर्बानियां देनी होंगी,"Feb 12,2022, 20:41 PM IST",ZEE News,Kisaan Andolan,Neutral,Neutral,
केंद्रीय मंत्री चौधरी ने पहलवान द ग्रेट खली को भाजपा ज्वाइन करवा कर खेला बड़ा दांव,केंद्रीय मंत्री कैलाश चौधरी ने  पहलवान द ग्रेट खली को भाजपा ज्वाइन करवा कर एक बड़ा दांव खेला है. यह कैलाश चौधरी की बड़ी उपलब्धि कही जा सकती है. केंद्रीय कृषि राज्य मंत्री कैलाश चौधरी ने WWE रेसलर द ग्रेट खली उर्फ दलीप सिंह राणा को 5 राज्यों में होने वाले विधानसभा चुनाव से पहले बीजेपी में शामिल होने के लिए मनाया.,"Feb 10,2022, 22:02 PM IST",ZEE News,Kisaan Andolan,Neutral,Neutral,
"छत्तीसगढ़ में चल रहे किसान आंदोलन पर BJP ने कांग्रेस को घेरा, लगाए गंभीर आरोप",पिछले 25 दिन से जारी किसान आंदोलन पर भाजपा ने कांग्रेस सरकार पर करारा हमला किया है. भाजपा ने सरकार को अराजक और किसान विरोधी बताते हुए कहा है कि इतने लंबे समय से जारी किसान आंदोलन को ख़त्म करने के लिए सरकार की तरफ से कोई पहल नहीं की जा रही है.,"Jan 27,2022, 14:40 PM IST",ZEE News,Kisaan Andolan,Pro BJP,Neutral,
पश्चिमी उत्तर प्रदेश के जाट नेताओं को मनाने में जुटे अमित शाह; दिल्ली में बैठक,दिल्ली से भाजपा के सांसद प्रवेश साहिब सिंह वर्मा के आवास पर हुई इस बैठक को ‘‘सामाजिक भाईचारा बैठक’’ का नाम दिया गया. अमित शाह ने पिछले दिनों कैराना का दौरा कर यहां भाजपा के पक्ष में माहौल बनाने की कोशिश की थी.,"Jan 26,2022, 19:29 PM IST",ZEE News,Kisaan Andolan,Pro BJP,Neutral,
"विधान सभा चुनावों से पहले किसान संगठनों का बड़ा ऐलान, फिर से करेंगे विरोध प्रदर्शन",यूपी समेत पांच राज्यों के विधान सभा चुनावों से पहले किसान संगठनों ने बड़ा फैसला किया है. दिल्ली में आयोजित बैठक में किसानों ने फैसला लिया है कि किसान संगठन 31 जनवरी को केंद्र सरकार के खिलाफ विश्वासघात दिवस मनाएंगे.,"Jan 15,2022, 17:22 PM IST",ZEE News,Kisaan Andolan,Pro BJP,Anti Kisan,
लखीमपुर खीरी हिंसा : SIT ने 12 किसानों को समन जारी किया,इस मामले में अब तक सात किसानों को गिरफ्तार किया जा चुका है और एसआईटी मामले में और संदिग्धों की तलाश कर रही है.,"Jan 6,2022, 10:43 AM IST",ZEE News,Kisaan Andolan,Neutral,Neutral,
"राकेश टिकैत ने सरकार को दी खुली धमकी, बोले- 26 जनवरी को फिर करेंगे ट्रैक्टर मार्च",किसान नेता राकेश टिकैत (Rakesh Tikait) ने सरकार को फिर धमकी दी है. टिकैट ने कहा है कि 26 जनवरी को किसान फिर देश के अलग-अलग जगहों पर ट्रैक्टर मार्च (Tractor Parade) निकालेंगे. उन्होंने कहा कि अब हम लाल किला नहीं नए संसद भवन पहुचेंगे.,"Jan 2,2022, 18:32 PM IST",ZEE News,Kisaan Andolan,Pro BJP,Neutral,
तीनों कृषि कानून के दौरान शहीद हुए किसानों को 1 Jan को किया जाएगा सम्मानित,तीनों कृषि कानून को रद्द करवाने में सहभागिता दिखाने वाले और शहीद किसानों के परिजनों को सम्मानित करने के लिए किसान सभा हिसार में सम्मेलन करेगी. सभा के पदाधिकारियों ने इसकी तैयारियां शुरु कर दी हैं.,"Dec 30,2021, 14:33 PM IST",ZEE News,Kisaan Andolan,Neutral,Neutral,
पटेल को सरदार और गांधी को महात्मा बनाने वाला किसान 'आंदोलन' सियासत में कैसे उलझा,प्यासी जमीन पर टूटती सांसों के साथ आंखों में आंसू लिए आसमान को ताकते हुए कोई न कोई तस्वीर आपने जरूर देखी होगी. ठंड से ठिठुरते और चिलचिलाती धूप में जलते हुए पसीने से तरबरतर इंसान को बैल बनते हुए भी आपने जरूर देखा होगा.,"Dec 23,2021, 7:45 AM IST",ZEE News,Kisaan Andolan,Neutral,Pro Kisan,
BJP किसान मोर्चा की हुई बैठक,BJP किसान मोर्चा की राष्ट्रीय कार्यकारिणी की बैठक रविवार को तीन कृषि कानूनों के निलंबन के बाद पहली बार हुई. ये बैठक हरियाणा के गुरुग्राम में हुई.,"Dec 19,2021, 22:25 PM IST",ZEE News,Kisaan Andolan,Neutral,Neutral,
"जनसंख्या नियंत्रण से गौरक्षा तक, संघ के रास्ते किरोड़ीलाल मीणा की सियासत",किरोड़ीलाल मीणा जब संसद में समान नागरिकता संहिता पर प्राइवेट बिल लाते हैं. गाय को राष्ट्रीय पशु घोषित करने की मांग उठाते हैं तो सवाल उठता है कि इसके पीछे क्या मायने हैं?,"Dec 17,2021, 13:36 PM IST",ZEE News,Kisaan Andolan,Neutral,Neutral,
"केंद्र को टिकैत ने फिर दिखाया आइना, MSP को लेकर सरकार की मंशा पर उठाया सवाल",Kisan Andolan: मुजफ्फरनगर में सर्व-खाप के मुख्यालय सोरम गांव में आधी रात के बाद एक भीड़ को राकेश टिकैट ने संबोधित किया.,"Dec 17,2021, 10:58 AM IST",ZEE News,Kisaan Andolan,Anti BJP,Neutral,
"अब क्या चाहते हैं टिकैत, क्यों किसान आंदोलन खत्म होने के बाद भी सरकार पर हैं हमलावर","राकेश टिकैत (Rakesh Tikait) केंद्र सरकार पर हमलावर हैं, जबकि तीनों कृषि कानून वापस लिए जाने के बाद किसान आंदोलन खत्म हो चुका है.   ","Dec 17,2021, 6:56 AM IST",ZEE News,Kisaan Andolan,Pro BJP,Neutral,
"चुनाव लड़ने को लेकर राकेश टिकैत का बड़ा ऐलान, अखिलेश यादव ने दिया था 'ऑफर'",राकेश टिकैत 383 दिनों के बाद अपने घर लौटे. वह अपने समर्थकों के साथ सिसौली गांव में जुलूस में पहुंचे. यहां टिकैत ने चुनाव लड़ने के बारे में खुलकर बात की.,"Dec 16,2021, 11:58 AM IST",ZEE News,Kisaan Andolan,Neutral,Neutral,
Rakesh Tikait की अगुवाई में किसान Ghazipur Border खाली कर घर लौट रहे है,Rakesh Tikait की अगुवाई में अगुआई किसान गाजीपुर बॉर्डर खाली कर घर लौट रहे है. 3 कृषि कानूनों को लेकर 1 साल से धरने पर बैठे थे किसान.,"Dec 15,2021, 12:10 PM IST",ZEE News,Kisaan Andolan,Neutral,Neutral,
एक साल बाद होगी किसानों की घर वापसी,गाजीपुर से आज किसानों की होगी घर वापसी। 3 कृषि कानूनों को लेकर 1 साल से धरने पर बैठे थे किसान,"Dec 15,2021, 9:40 AM IST",ZEE News,Kisaan Andolan,Neutral,Neutral,
एक साल बाद कल से शुरू हो जाएगी कुंडली-सिंघु बॉर्डर से गाड़ियों की आवाजाही,सोनीपत के डीसी ने बताया कि कुंडली-सिंघु बॉर्डर से शुरू में केवल छोटे वाहनों को गुजरने की अनुमति दी जाएगी.,"Dec 14,2021, 21:13 PM IST",ZEE News,Kisaan Andolan,Neutral,Neutral,
Haryana में मृत किसानों का Police Verification,"हरियाणा में पुलिस किसान आंदोलन के दौरान मौत के शिकार हुए किसानों के लिस्ट का वेरिफिकेशन करेगी. जानकारी के मुताबिक, वेरिफाइड लिस्ट के आधार पर ही मुआवजा दिया जाएगा.","Dec 13,2021, 13:25 PM IST",ZEE News,Kisaan Andolan,Neutral,Neutral,
"किसान नेता शिव कुमार कक्का ने आंदोलन को बताया सबसे बड़ा,इस बात के लिए मांगी माफी",संयुक्त किसान मोर्चा ने गुरुवार को किसान आंदोलन खत्म करने की घोषणा कर दी है. जिसके बाद राष्ट्रीय किसान मजदूर महासंघ के राष्ट्रीय अध्यक्ष शिवकुमार कक्का ने मीडिया से बातचीत की.,"Dec 11,2021, 16:41 PM IST",ZEE News,Kisaan Andolan,Neutral,Neutral,
"बॉर्डर से हटाए जाने लगे हैं बैरिकेड्स, आज विजय रैली के बाद लौट जाएंगे किसान",Farmers Protest: सरकार के आश्वासन और संयुक्त किसान मोर्चा के आंदोलन उठाने की घोषणा के बाद 378 दिन बाद दिल्ली की सीमाओं से किसानों की वापसी का दौर शुरू हो गया है.,"Dec 11,2021, 8:23 AM IST",ZEE News,Kisaan Andolan,Neutral,Neutral,
"आंदोलन स्थगित होने के बाद शाहजंहापुर से किसानों ने उठाया पड़ाव, मनाएंगे विजय उत्सव",दिल्ली रोड पर शाहजहांपुर खेड़ा बॉर्डर (Shahjahanpur Kheda Border) पर पिछले एक साल से चल रहे पड़ाव को किसानों ने उठा दिया. इसके साथ ही किसान अपने-अपने घर लौट गए हैं.,"Dec 11,2021, 7:56 AM IST",ZEE News,Kisaan Andolan,Neutral,Neutral,
"किसानों की वापसी पर कमलनाथ ने कही बड़ी बात, बीजेपी पर बोले- जिद छोड़ देते तो..",कमलनाथ ने आगे लिखा कि बस इस बात का अफ़सोस हमेशा रहेगा कि किसानो के हित में सरकार यह फ़ैसला शुरू में ही ले लेती.,"Dec 10,2021, 13:28 PM IST",ZEE News,Kisaan Andolan,Anti BJP,Pro Kisan,
"किसान आंदोलन खत्म होने पर कमलनाथ का तंज,कहा 'अन्न्दाता ने अहंकारी सरकार को झुका दिया","संयुक्त किसान मोर्चा ने गुरुवार को किसान आंदोलन खत्म करने की घोषणा कर दी है. जहां एक तरफ प्रदर्शनकारी किसान अपना सामान बांधकर अपने घर लौटने को तैयार हैं, वहीं दूसरी तरफ विपक्ष ने भाजपा पर तंज कसना शुरू कर दिया है.","Dec 10,2021, 13:21 PM IST",ZEE News,Kisaan Andolan,Anti BJP,Neutral,
कानून वापसी.. आंदोलन वापसी कब? मोदी के मास्टरस्ट्रोक से सदमे में विपक्ष,"19 नवंबर को पीएम मोदी ने ऐलान किया कि हम तीन कृषि कानून रद्द कर देंगे..और आज 29 नवंबर को मोदी सरकार ने सदन में तीनों कृषि कानूनों को रद्द करके, टिकैत, बकैत और लठैतों की बोलती बंद कर दी है. खासतौर से विपक्ष के नेता, मोदी के मास्टर-स्ट्रोक से हक्के-बक्के रह गए. राहुल गांधी ने कृषि कानूनों को लेकर सरकार पर बड़ा हमला बोला है और कहा है कि सरकार को चर्चा से डर लगता है. इसलिए दोनों सदनों में इन क़ानूनों को बिना चर्चा के ही वापस ले लिया गया.","Nov 29,2021, 21:36 PM IST",ZEE News,Kisaan Andolan,Pro BJP,Neutral,
"कृषि कानून रद्द होने पर रोए ओवैसी, मुस्लिमों को भड़काने में जुटे भाईजान",यूपी में में अपनी पतंग उड़ाने में जुटे भड़काऊ भाईजान के सीने पर कृषि कानून की वापसी के बाद सांप लोटने लगा. उनकी जुबान और तेज हो गई. अब वो वोट के लिए एक बार फिर CAA के नाम पर मुस्लिमों को भड़काने में जुटे गए हैं.,"Nov 29,2021, 21:27 PM IST",ZEE News,Kisaan Andolan,Pro BJP,Neutral,
किसान आंदोलन होगा खत्म तो राकेश टिकैत की साजिश पर फिर जाएगा पानी!,तीन कृषि कानूनों रद्द होने के बाद से ऐसा लग रहा है कि जैसे मानों टिकैत की जागीर छिन गई हो. किसान आंदोलन के नाम पर सियासी रोटियां सेंकने वाले टिकैत अब ये सोच रहे हैं कि कैसे विदेशों में किसान आंदोलन के नाम पर खुराफात की जाए.,"Nov 29,2021, 21:27 PM IST",ZEE News,Kisaan Andolan,Pro BJP,Anti Kisan,
"वही हो रहा है जिसकी थी आशंका, लंबा खिंचेगा किसान आंदोलन; जानिए कैसे",नई दिल्ली: पीएम नरेंद्र मोदी (PM Narendra Modi) द्वारा तीनों कृषि कानूनों (Farm Laws) को वापस लेने के ऐलान के बावजूद किसान नेताओं ने अपना आंदोलन वापस लेने की बजाय इसे और तेज करने का ऐलान कर दिया है.,"Nov 24,2021, 6:54 AM IST",ZEE News,Kisaan Andolan,Pro BJP,Neutral,
"अनूप जलोटा ने किसान आंदोलन को लेकर दिया बयान, कहा- विरोधी कर रहे सियासत, देश के रहिए","चार दिन पहले आजमगढ़ जिले में आईं प्रख्यात अदाकारा और पूर्व सांसद शबाना आजमी ने बयान दिया था कि किसान बिल जिस तरह से वापस हुआ, उसी प्रकार सीएए-एनआरसी भी वापस करने को लेकर भी आंदोलन होना चाहिए. इस सवाल पर अनूप जलोटा ने कहा कि सरकार ने जो भी कानून बनाया, वह वापस हो जाएंगे तो इसका लोग नाजायज फायदा उठाने लगेंगे. सरकार ने किसानों को काफी सहूलियत दी है.","Nov 23,2021, 13:16 PM IST",ZEE News,Kisaan Andolan,Pro BJP,Neutral,Indirect Speech
"...तो क्या गाजीपुर बॉर्डर से खाली होंगे टेंट और ट्रैक्टर, पढ़ें पूरी रिपोर्ट",पीएम मोदी ने एक ओर किसानों के लिए लागू केन्द्र सरकार की योजनाओं का बखान तो किया ही साथ ही किसानों के हितों की बात करते हुए कैसे अन्नदाता के आंगन में खुशियों की फसल उगे. इसका भी रोडमैप जनता के सामने पेश किया.,"Nov 20,2021, 19:17 PM IST",ZEE News,Kisaan Andolan,Pro BJP,Neutral,
"कृषि कानूनों की वापसे पर मौलाना अरशद मदनी का बड़ा बयान, CAA को लेकर कह दी बड़ी बात",जमीयत उलेमा-ए-हिंद के राष्ट्रीय अध्यक्ष मौलाना अरशद मदनी (Maulana Arshad Madani) ने भी बड़ा बयान दिया है. उन्होंने ट्वीट करते हुए सरकार के इस फैसला का स्वागत किया है.,"Nov 20,2021, 16:08 PM IST",ZEE News,Kisaan Andolan,Pro BJP,Neutral,
"राहुल गांधी ने किसानों को लिखा खुला खत, पीएम मोदी के लिए लिखी ऐसी बात",Farm Law Repealed: कृषि कानूनों को वापस लेने के सरकार के फैसले के बाद कांग्रेस नेता राहुल गांधी ने किसानों के नाम एक चिठ्ठी लिखी. उन्होंने कहा कि अन्नदाताओं ने अपने सत्याग्रह से सरकार के अहंकार को झुका दिया है.,"Nov 20,2021, 7:17 AM IST",ZEE News,Kisaan Andolan,Anti BJP,Neutral,Indirect Speech
कृषि कानून वापसी पर लालू प्रसाद यादव ने कहा ये किसान भाइयों की जीत है,केंद्र सरकार द्वारा कृषि कानून वापस लिए जाने पर राजद सुप्रीमो लालू प्रसाद यादव ने मोदी सरकार पर फिर हमला बोला है.,"Nov 19,2021, 17:30 PM IST",ZEE News,Kisaan Andolan,Pro BJP,Neutral,
कृषि कानून वापस लेने पर प्रियंका गांधी वाड्रा ने ये क्या कह दिया?,कृषि कानून वापसी पर कांग्रेस की प्रियंका गांधी वाड्रा ने केंद्र सरकार की नीयत पर सवाल उठाए,"Nov 19,2021, 15:35 PM IST",ZEE News,Kisaan Andolan,Pro BJP,Neutral,
कृषि कानून वापस लेने पर ये क्या बोल गए रणदीप सिंह सुरजेवाला,"केंद्र सरकार द्वारा कृषि कानून वापस ले लिए गए हैं, जिसके बाद कांग्रेस पार्टी सरकार और भारतीय जनता पार्टी पर जमकर निशाना साध रही है. कांग्रेस प्रवक्ता रणदीप सिंह सुरजेवाला ने मोदी सरकार पर जमकर हमला बोला.","Nov 19,2021, 15:25 PM IST",ZEE News,Kisaan Andolan,Pro BJP,Neutral,
कृषि कानून वापस लेने पर सीएम योगी की बड़ी बात,"केंद्र सरकार द्वारा कृषि कानून वापसी पर यूपी के सीएम योगी आदित्यनाथ ने कहा की बीजेपी सभी की आवाज को जगह देती है, सुनती है और जनहित के लिए हमेशा प्रयासरत रहती है","Nov 19,2021, 15:25 PM IST",ZEE News,Kisaan Andolan,Pro BJP,Neutral,Indirect Speech
किसानों के हित के लिए कृषि कानून लाए गए थे - PM Narendra Modi,"प्रधामंत्री नरेंद्र मोदी ने देश को संबोधित करते हुए कहा, 'कृषि अर्थशास्त्रियों ने, वैज्ञानिकों ने, प्रगतिशील किसानों ने भी उन्हें कृषि कानूनों के महत्व को समझाने का भरपूर प्रयास किया. आज मैं आपको, पूरे देश को, ये बताने आया हूं कि हमने तीनों कृषि कानूनों को वापस लेने का निर्णय लिया है.","Nov 19,2021, 15:15 PM IST",ZEE News,Kisaan Andolan,Pro BJP,Neutral,Indirect Speech
"PM Modi के कृषि कानूनों को वापस लेने के फैसले पर कांग्रेस ने कसा तंज, देखिए क्या कहा",गुरु नानक जयंती (Guru Nanak Jayanti) के मौके पर पीएम मोदी (PM Modi) ने किसानों के हक में बड़ा फैसला लिया. ये इन कानूनों का विरोध कर रहे करीब 15 महीने से आंदोलन पर बैठे किसानों (Kisan Andolan) के लिए राहत की खबर है.,"Nov 19,2021, 12:31 PM IST",ZEE News,Kisaan Andolan,Pro BJP,Neutral,
"राकेश टिकैत ने रास्ता खोलने को लेकर दिया बड़ा बयान, SC की सख्ती के बाद ढीले पड़े तेवर",किसानों ने गाजीपुर बार्डर नेशनल हाईवे 24 पर सर्विस लेन को खोल दिया है. मुर्गा मंडी की तरफ जाने वाली सर्विस लेन को खोला है. नेशनल हाईवे 24 के दिल्ली गाजीपुर मुर्गा मंडी की तरफ जाने वाली सर्विस लेन को आंदोलनजीवियों ने राकेश टिकैत की मौजूदगी में खोला. मामला सुप्रीम कोर्ट में जाने के बाद फैसला लिया. बता दें कि किसानों ने गाजीपुर बॉर्डर पर सबसे पहले यही रास्ता जाम किया था. सुप्रीम कोर्ट की फटकार के बाद अब वो रास्ते पर आने लगे हैं. वहीं सर्विस लेन खोले जाने को लेकर किसानों ने सफाई पेश की है. BKU ने रास्ता खाली करने को आधारहीन बताया. भारतीय किसान यूनियन ने कहा कि अफवाह फैलाई गई.,"Oct 21,2021, 15:36 PM IST",ZEE News,Kisaan Andolan,Pro BJP,Anti Kisan,
"पटरी से उतरा राकेश टिकैत का बंद वाला 'प्लान', किसान आंदोलन के नाम पर उपद्रव","सड़क जाम, चक्का जाम, हाइवे पर हुड़दंग, ट्रैक्टर तांडव, किसानों के नाम पर सियासी नौटंकी... 10 महीने से उपद्रव देख-देखकर देश की जनता तंग आ चुकी है. हर कोई जानना चाहता है कि ये रोज-रोज की नौटंकी कब तक चलेगी. कब तक लोग यूं ही जाम से जूझते रहेंगे, कब तक सड़कें बंद होने से मुश्किलें झेलते रहेंगे, बॉर्डर पर बैठा अय्याश गैंग महिलाओं-बेटियों से छेड़खानी करता है. अराजकता का खुला खेल खेलता है. सिंघु बॉर्डर पर जिस तरह से युवक की निर्मम हत्या की गई. जिस तरह बॉर्डर पर देश विरोधी तत्वों का जमावड़ा है, उससे इलाके के लोग दहशत में है और बॉर्डर खुलवाने की गुहार लगा रहे हैं.","Oct 19,2021, 11:45 AM IST",ZEE News,Kisaan Andolan,Pro BJP,Anti Kisan,
"DNA: विरोध के तरीके हजार, फिर क्यों बंद सड़कें और बाजार?","तीन कृषि कानूनों के विरोध में किसान संगठनों द्वारा सोमवार सुबह 6 बजे से शाम 4 बजे तक भारत बंद बुलाया गया. इस दौरान गुरुग्राम-दिल्ली बॉर्डर पर लोगों को भारी ट्रैफिक जाम का सामना करना पड़ा, वहीं कई ट्रेनें भी प्रभावित हुई. आम जनता को परेशान करने वाले भारत बंद की जगह किसान और किन-किन तरीकों से अपना विरोध जता सकते थे, जानने के लिए देखिए वीडियो.","Sep 27,2021, 22:55 PM IST",ZEE News,Kisaan Andolan,Pro BJP,Neutral ,
"CG में नहीं दिखा भारत बंद का असर, कांग्रेस के सड़क पर न उतरने पर BJP ने ली चुटकी",छत्तीसगढ़ की राजधानी रायपुर में संयुक्त किसान मोर्चा का भारत बंद फीका रहा है. राजधानी समेत आसपास जिलों में भारत बंद का असर नहीं दिखा. सड़कों पर आवागमन सुचारू रूप से चालू था. बाजार की दुकानें भी खुली हुईं थीं.,"Sep 27,2021, 17:01 PM IST",ZEE News,Kisaan Andolan,Pro BJP,Neutral ,
"किसानों का कंधा, विपक्ष की बंदूक! जानें किसान आंदोलन के नाम पर 'भारत बंद' के मायने",Bharat Bandh 27 September: कुछ किसान नेताओं ने आर-पार की लड़ाई की चेतावनी दी है. वहीं कुछ ने कहा कि मांगे नहीं मानी तो प्रधानमंत्री आवास के बाहर टेंट लगा दिया जाएगा. किसान नेताओं के आयोजन की वजह से दिल्ली-एनसीआर (Delhi-NCR) के लाखों लोगों को परेशानी का सामना करना पड़ा.,"Sep 27,2021, 12:02 PM IST",ZEE News,Kisaan Andolan,Pro BJP,Neutral ,
"बेरोजगारों से जुड़े मसलों पर विपक्ष का हल्ला बोल , सदन में विपक्ष ने बेरोजगारी पर सरकार को घेरा","मंगलवार को राजस्थान विधानसभा में विपक्ष ने बेरोजगारों को भत्ते, बेरोजगारी और प्रतियोगी परीक्षाओं में धांधली जैसे मुद्दों को लेकर सरकार को घेरा","Sep 15,2021, 11:08 AM IST",ZEE News,Kisaan Andolan,Anti BJP,Neutral ,
"अधिकारी किसानों के साथ लगातार बातचीत, जायज मांग होंगी पूरी",हरियाणा के गृह मंत्री अनिल विज ने कहा है कि किसान करनाल में आंदोलन कर रहे हैं.,"Sep 9,2021, 15:31 PM IST",ZEE News,Kisaan Andolan,Pro BJP,Neutral ,
किसान आंदोलन के चलते स्थानीय लोग पलायन को मजबूर,"सरकार हमें लावारिस छोड़ चुकी है, इसलिए अब हमें पलायन करना पड़ रहा है.' ऐसा कहना है किसान आंदोलन से परेशान लोगों का.. जो अपना घर, दुकान सबकुछ बेचने के लिए हैं.","Aug 8,2021, 23:35 PM IST",ZEE News,Kisaan Andolan,Pro BJP,Neutral,
"जंतर मंतर पर किसानों के धरने में शामिल होंगी विपक्षी पार्टियां, बैठक में फैसला","शुक्रवार की बैठक में राहुल गांधी भी शामिल हुए, जो प्रमुख मुद्दों पर विपक्षी एकता की वकालत करते रहे हैं.  ","Aug 6,2021, 12:16 PM IST",ZEE News,Kisaan Andolan,Pro BJP,Neutral,
"राकेश टिकैत ने दी लखनऊ वाली धमकी, तो भाजपा ने इस कार्टून से चिढ़ाया",भारतीय किसान यूनियन के नेता राकेश टिकैत ने दिल्ली के बाद लखनऊ का बॉर्डर सील करने की धमकी दी थी. गुरुवार को बीजेपी ने पलटवार किया. एक कार्टून के जरिये बीजेपी ने कहा कि ये दिल्ली नहीं है. यहां योगी बक्कल तार देते हैं.,"Jul 30,2021, 0:44 AM IST",ZEE News,Kisaan Andolan,Pro BJP,Neutral ,
"दिल्ली बॉर्डर पर सजती है अय्याशी की महफिल, धरने के लिए मिलते हैं 300 रुपए",ज़ी हिन्दुस्तान के स्टिंग ऑपरेशन में बड़ा खुलासा दिल्ली बॉर्डर पर अय्याशी की महफिल सजती है. ज़ी हिन्दुस्तान के कैमरे में बड़ा सच कैद हुआ. धरने के लिए 300 रुपए मिलते हैं.,"Jul 28,2021, 19:05 PM IST",ZEE News,Kisaan Andolan,Pro BJP,Anti Kisan,
वाकई कृषि कानूनों को वापस कराना चाहते हैं किसान? आखिर क्या है असली मकसद,"Farmers Protest: दिल्ली की सीमाओं पर पिछले लगभग 8 महीनों से भारत सरकार के कृषि कानूनों का विरोध चल रहा है, लेकिन ये आंदोलन कभी हिंसा की वजह बनता है, तो कभी अपनी नकली संसद बना लेता है. इसलिए आज इस नकली संसद के नकली सांसदों से आपका परिचय कराना जरूरी है.","Jul 23,2021, 9:06 AM IST",ZEE News,Kisaan Andolan,Pro BJP,Anti Kisan,
"Kisan Andolan: सरकार चर्चा को तैयार, तो फिर क्यों तकरार ?",आज सिंघु बॉर्डर से जंतर मंतर आ रहे है किसान। 200 किसानों को जंतर-मंतर पर किसान संसद का आयोजन करने की इजाजत दी गई है। बिना विरोध मार्च के किसान केंद्रीय कानूनों के खिलाफ जंतर मंतर पर रोजाना सुबह 11 बजे से शाम 5 बजे तक धरना दे सकते हैं। देखिए Zee News की ये रिपोर्ट।,"Jul 22,2021, 15:00 PM IST",ZEE News,Kisaan Andolan,Pro BJP,Neutral,
"Kisan Andolan: बातचीत का वास्ता, क्यों आंदोलन का रास्ता ?","प्रदर्शन के लिए जंतर मंतर पहुंच चुके है किसान। किसान केंद्रीय कानूनों के खिलाफ जंतर मंतर पर रोजाना सुबह 11 बजे से शाम 5 बजे तक धरना दे सकते हैं, लेकिन किसी भी विरोध मार्च की अनुमति नहीं होगी। देखिए Zee News की ये रिपोर्ट।","Jul 22,2021, 13:15 PM IST",ZEE News,Kisaan Andolan,Pro BJP,Neutral,
अपमान से समाधान चाहते हैं किसान,"आज जंतर-मंतर पर किसानों की 'संसद' चलेगी। तीसरे दौर की मीटिंग के बाद 200 किसानों को जंतर-मंतर पर किसान संसद का आयोजन करने की इजाजत दी गई है। किसान केंद्रीय कानूनों के खिलाफ जंतर मंतर पर रोजाना सुबह 11 बजे से शाम 5 बजे तक धरना दे सकते हैं, लेकिन किसी भी विरोध मार्च की अनुमति नहीं होगी। देखिए Zee News की ये रिपोर्ट।","Jul 22,2021, 11:40 AM IST",ZEE News,Kisaan Andolan,Pro BJP,Anti Kisan,
तीनों कृषि कानूनों पर किसानों से चर्चा के लिए हमेशा हैं तैयारः केंद्र सरकार,"कृषि मंत्री नरेंद्र सिंह तोमर ने अपने लिखित जवाब में कहा, सरकार की ओर से विरोध प्रदर्शन को समाप्त करने के लिए कई प्रयास किए गए हैं. सरकार और किसानों के बीच 11 दौर की बातचीत हुई, ताकि इन समस्याओं का समाधान निकल सके. ","Jul 21,2021, 14:21 PM IST",ZEE News,Kisaan Andolan,Pro BJP,Neutral,
"राकेश टिकैत ने सरकार को दी 'क्रांति वाली' धमकी, खुद को बताया शांति का पुजारी","किसान नेता राकेश टिकैत ने सरकार को फिर धमकी दी है. उन्होंने कहा है कि सरकार शांति की भाषा नहीं समझती है, क्रांति करते तो कृषि कानून रद्द हो जाता. वहीं सिरसा में पुलिस और किसानों के बीच झड़प हो गई.","Jul 15,2021, 20:35 PM IST",ZEE News,Kisaan Andolan,Pro BJP,Neutral ,
हरियाणा में किसानों बवाल के बीच राकेश टिकैत ने UN जाने पर दी सफाई,हरियाणा के यमुनानगर में किसानों का हंगामा और उपद्रव देखा गया. इसी बीच UN जाने पर राकेश टिकैत ने सफाई पेश की है. सवाल ये उठ रहा है कि संवाद की जगह बवाल चाह रहे हैं राकेश टिकैत?,"Jul 10,2021, 21:21 PM IST",ZEE News,Kisaan Andolan,Pro BJP,Anti Kisan,
"Delhi: Ghazipur Border पर किसान आंदोलन के दौरान हंगामा, BJP Leader की गाड़ी पर किया गया हमला","पिछले सात महीने से दिल्ली की तमाम सीमाओं समेत यूपी गेट पर कृषि कानून के खिलाफ प्रदर्शन कर रहे किसान बीजेपी समर्थकों से भिड़ गए. बुधवार सुबह बीजेपी कार्यकर्ता यूपी गेट स्थित किसान आंदोलन स्थल के अंदर पहुंचे, जिसके बाद उनमें और किसानों के बीच मारपीट हो गई।","Jun 30,2021, 14:20 PM IST",ZEE News,Kisaan Andolan,Pro BJP,Neutral ,
"कृषि मंत्री नरेंद्र तोमर की किसानों से अपील, 'आंदोलन खत्म करें'",केंद्रीय कृषि मंत्री नरेंद्र सिंह तोमर ने किसानों से आंदोलन खत्म करने की अपील की है. कृषक आंदोलन के सात माह होने पर कई जगह प्रदर्शन चल रहे हैं.,"Jun 26,2021, 23:32 PM IST",ZEE News,Kisaan Andolan,Pro BJP,Neutral ,
"Kisan Andolan News: किसान आंदोलन के 6 महीने पूरे, किसान मनाएंगे 'Black Day', सुरक्षा बढ़ाई गई","Farmers Protest Latest News: दिल्ली में चल रहे किसान आंदोलन के 6 महीने पूरे होने के अवसर पर संयुक्त किसान मोर्चे के आह्वान पर आज देशभर में किसान 'काला दिवस' मनाएंगे और जगह-जगह धरने-प्रदर्शन करेंगे. किसानों के इस प्रोटेस्ट को देश की दर्जन भर से ज्यादा विपक्षी पार्टियों ने भी समर्थन देने का ऐलान किया है. इस प्रदर्शन को सफल बनाने के लिए बड़ी तादाद में यूपी, हरियाणा और पंजाब से किसानों के नए जत्थों के दिल्ली बॉर्डर पर पहुंचने का सिलसिला जारी है. खास बात यह है कि यह विरोध प्रदर्शन उस दिन किया जा रहा है, जब 2014 में नरेंद्र मोदी ने पहली बार प्रधानमंत्री के रूप में शपथ ली थी. ऐसे में विपक्ष के सपोर्ट को देखते हुए इसके कई राजनीतिक मायने भी निकाले जा रहे हैं.","May 26,2021, 11:22 AM IST",ZEE News,Kisaan Andolan,Pro BJP,Neutral ,
"Farmers protest: टिकैत का टाइम खत्म, अब टिकरी में बजेंगे लट्ठ!",दिल्ली के टिकरी बॉर्डर पर 95 दिनों से किसान आंदोलन के नाम पर दंगा ब्रिगेड ने अड्डा जमा रखा है. अब टिकरी के आसपास बसे करीब 60 गांव के लोगों ने ठान लिया है कि दंगा ब्रिगेड को हटाना है.,"Mar 1,2021, 15:38 PM IST",ZEE News,Kisaan Andolan,Pro BJP,Neutral ,
किसान की नाक काटकर अपनी नाक बचाएंगे टिकैत ?,बिना नाक के टिकैत राजनीति का बहाना सूंघ कर और ज़हरीले हो चुके हैं. सियासी शातिरपने ने उन्हें 16 कलाओं में दक्ष किया है.,"Feb 24,2021, 23:56 PM IST",ZEE News,Kisaan Andolan,Pro BJP,Neutral ,
"राकेश टिकैत ने किसानों को भड़काया, 'अगर आंदोलन से नहीं जुड़े तो जमीन छिन जाएगी'",राजस्थान के चूरू की पंचायत में खुद को किसान नेता बताने वाले राकेश टिकैत ने एक बार फिर किसानों को भड़काया है. उन्होंने कहा कि 'अगर आंदोलन से नहीं जुड़े तो जमीने छिन जाएंगी.',"Feb 23,2021, 15:09 PM IST",ZEE News,Kisaan Andolan,Pro BJP,Neutral ,
चौक चौराहा : टिकैत के इलाके से पोल-खोल,"पश्चिमी यूपी के किसानों को बीच कुलभाष्कर ओझा पहुंचे और वहां किसानों से आंदोलन पर उनकी राय जानी....ग्रेटर नोएडा के ज्यादातर किसान किसान आंदोलन को साज़िश मानते हैं और उनका कहना है कि किसानों को एसी, कूलर की जरूरत नहीं होती उन्हें गुमराह कर ,...उनको पैसे देकर टिकैत जैसे नेता अपनी राजनीतिक दुकानदारी चला रहे हैं.....किसानों का केवल इतना कहना है कि मोदी औ योगी जी को जिला स्तर पर कमेटी बनाकर किसानों को नए कानून के बारे में बताना और समझाना चाहिए...जिससे किसानों के मन में कानून को लेकर जो भ्रम है वो खत्म हो जाए....किसान फ्री-फ्री-फ्री सामान लेने के लिए नहीं हगै...वो भीख नहीं मांगता....उसको फ्री और सब्सिडी के जाल से निकालकर उसे मजबूत बनाने के लिए सरकार को काम करना चाहिए....बस ईमानदारी की उम्मीद है....क्योंकि मेहनत किसान से ज्यादा कोई नहीं करता....","Feb 22,2021, 23:18 PM IST",ZEE News,Kisaan Andolan,Pro BJP,Neutral ,
शराब भी बांटनी पड़े तो बांटों लेकिन ये आंदोलन बंद नहीं होना चाहिए',Bihar News:  गिरिराज सिंह (Giriraj Singh) ने कहा कि राहुल गांधी (Rahul Gandhi) की सोच छोटी है या फिर उन्होंने सच बोलेने की आदत छोड़ दी है.,"Feb 22,2021, 18:42 PM IST",ZEE News,Kisaan Andolan,Pro BJP,Neutral ,Quote
Farmers Protest: वामपंथी ढपली के फेर में राकेश टिकैत!,2013 में रामलीला मैदान में भी वामपंथी ढपलीबाज खूब क्रांति के तराने सुनाते थे और अब राकेश टिकैत के गाजीपुर अड्डे पर भी ढपली गैंग किसानों को राग सुना रहा है जिस पर राकेश टिकैत झूम रहे हैं.,"Feb 22,2021, 16:02 PM IST",ZEE News,Kisaan Andolan,Pro BJP,Neutral ,
Farmers Protest: किसान नेताओं की भड़काऊ बयानबाजी आंदोलन को किस ओर ले जाएगी?,"जब से आंदोलन की दंगी बिग्रेड पर पुलिस का शिकंजा कसा है तब से किसान नेता गुरनाम सिंह चढ़ूनी (Gurnam Singh Chaduni), नरेश टिकैत (Naresh Tikait), राकेश टिकैत (Rakesh Tikait) किसानों को भड़काने के लिए उल्टी सीधी बयानबाजी कर रहे हैं.","Feb 20,2021, 15:15 PM IST",ZEE News,Kisaan Andolan,Pro BJP,Neutral ,
किसानों के लिए 'भस्मासुर' बन गए हैं राकेश टिकैत,क्या सचमुच राकेश टिकैत किसान हैं या भड़काऊ किरदार? किसानों को मोहरा बनाकर अपनी दुकान चलाने वाले राकेश टिकैत अन्नदाताओं के लिए 'भस्मासुर' बनते जा रहे हैं. जनाब को आग लगाने में बड़ा मजा आता है.,"Feb 19,2021, 19:42 PM IST",ZEE News,Kisaan Andolan,Pro BJP,Neutral ,
"Govind Singh Dotasra का केंद्र सरकार पर हमला, बोले- किसानों के लिए बहरी-गूंगी हो गई",प्रदेश कांग्रेस अध्यक्ष गोविंद सिंह डोटासरा (Govind Singh Dotasra) ने कहा कि केंद्र की मोदी सरकार गूंगी-बहरी हो गई है. मोदी सरकार को न तो किसानों की पीड़ा दिखाई दे रही है.,"Feb 19,2021, 15:35 PM IST",ZEE News,Kisaan Andolan,Anti BJP,Neutral ,Indirect Speech
देश को जवाब दो: टिकैत की 'हंगामा एक्सप्रेस' कब तक?,"देश को जवाब दो: आखिर कब तक राकेश टिकैत (Rakesh Tikait ) इस तरह हंगामा करते रहेंगे, वो सरकार से बात कब करेंगे ?","Feb 18,2021, 21:54 PM IST",ZEE News,Kisaan Andolan,Pro BJP,Anti Kisan,Questions
देश को जवाब दो: कीलों को काटकर दिल्ली में घुसेगा किसान - किसान नेता राकेश टिकैत (Rakesh Tikait ) की सरकार को धमकी,देश को जवाब दो: कीलों को काटकर दिल्ली में घुसेगा किसान - किसान नेता राकेश टिकैत (Rakesh Tikait ) की सरकार को धमकी,"Feb 18,2021, 21:54 PM IST",ZEE News,Kisaan Andolan,Pro BJP,Anti Kisan,Questions
देश को जवाब दो: क्या 'ट्रैक्टर टेरर' Part-2 की तैयारी में जुटे टिकैत?,देश को जवाब दो: क्या 'ट्रैक्टर टेरर' Part-2 की तैयारी में जुटे टिकैत ? आखिर क्यों राकेश टिकैत सरकार से बात करने के बजाय धमकी दिये जा रहे है ?,"Feb 18,2021, 21:45 PM IST",ZEE News,Kisaan Andolan,Pro BJP,Anti Kisan,Questions
"किसान आंदोलन पर एक बार फिर बोले PM Modi, कहा- किसानों को डराया जा रहा",नरेंद्र मोदी (Narendra Modi) ने मंगलवार को वीडियो कॉन्फ्रेंसिंग के जरिए महान योद्धा राजा सुहलदेव (Maharaja Suheldev) की प्रतिमा निर्माण का शिलान्यास किया. इस मौके पर उन्होंने कहा कि नए कृषि कानूनों के नाम पर किसानों को डराया जा रहा है.,"Feb 16,2021, 12:04 PM IST",ZEE News,Kisaan Andolan,Pro BJP,Neutral ,Indirect Speech
क्या Congress किसानों (Farmers) को शराब पिलाकर भड़काना चाहती है ?,कांग्रेस (Congress) के सियासी वजूद को बचाने के लिए क्या पार्टी कार्यकर्ता इस हद तक गिर जाएंगे कि किसानों (Farmers) को आंदोलन जिंदा रखने के लिए शराब पिलाएंगे. आप भले हैरान हों..मगर हरियाणा (Haryana) में जींद की महिला कांग्रेस नेता का बयान इसे साबित कर रहा है.,"Feb 15,2021, 19:27 PM IST",ZEE News,Kisaan Andolan,Pro BJP,Neutral ,
Breaking News: कृषि मंत्री Narendra Singh Tomar का कृषि कानूनों पर बड़ा बयान,"किसान आंदोलन का आज 80 वां दिन है, किसान अब भी दिल्ली बॉर्डर पर डटे हुए हैं। वहीं कृषि कानूनों पर कृषि मंत्री नरेंद्र सिंह तोमर ने बड़ा बयान देते हुए कहा कि किसानों को बेस्ट ऑफर दिया गया है।","Feb 13,2021, 16:35 PM IST",ZEE News,Kisaan Andolan,Pro BJP,Neutral,Indirect Speech
"टिकैत की 13 शहरों में संपत्ति, ऑस्ट्रेलिया में रहती है बेटी; जानें कहां-कहां कारोबार","राकेश टिकैत (Rakesh Tikait) करीब 2 महीने से दिल्ली के गाजीपुर बॉर्डर पर धरना-प्रदर्शन को लीड कर रहे हैं, लेकिन इस दौरान भी उनका कारोबार फल-फूल रहा है. उनकी करोड़ों की संपत्ति और बढ़ती जा रही है.","Feb 11,2021, 9:24 AM IST",ZEE News,Kisaan Andolan,Pro BJP,Anti Kisan,
"भारत का सबसे नया उद्योग, ऐसा होगा नौकरी का विज्ञापन; लाखों में होगी सैलरी","Farmers Protest: भारत में आज आंदोलन का उद्योग बहुत बड़ा और विशाल हो चुका है और ये बड़े ही व्यवस्थित तरीके से काम कर रहा है. आंदोलन की अपनी टूल किट है, मार्केटिंग और इवेंट कंपनियां हैं. ","Feb 11,2021, 7:53 AM IST",ZEE News,Kisaan Andolan,Pro BJP,Anti Kisan,
"किसानों से PM Modi ने कहा, 'अगर कृषि कानूनों में कोई कमी होगी तो बदल दी जाएगी'","प्रधानमंत्री नरेंद्र मोदी ने लोकसभा में ये अपील की कि किसान अफवाहों के शिकार न हों, अगर कृषि कानूनों में कोई कमी होगी तो बदल दी जाएगी. तो क्या किसान भाई कानूनों में बदलाव होने से मान जाएंगे?","Feb 10,2021, 19:13 PM IST",ZEE News,Kisaan Andolan,Pro BJP,Neutral ,
"कृषि कानून पर बोले PM मोदी,""तीन तलाक पर भी किसी ने कानून बनाने की अपील नहीं की थी""",पीएम मोदी ने विपक्ष पर किसानों को गुमराह करने का आरोप लगाते हुए कहा कि अगर विपक्षी पार्टियां कानून पर बहस करतीं तो हमारे किसान भाई-बहनों के मन में कोई गलतफहमी न होती.,"Feb 10,2021, 17:41 PM IST",ZEE News,Kisaan Andolan,Pro BJP,Neutral ,