news_title,news_details,news_date,source_name,event,Political Bias,Social Bias
"अमरावती (Amravati) में मेडिकल स्टोर के मालिक उमेश कोल्हे की हत्या (Umesh Kolhe murder) सिर्फ इसलिए कर दी गई थी, क्योंकि उन्होंने नुपुर शर्मा(Nupur Sharma) के समर्थन में सोशल मीडिया पर पोस्ट लिखा था. जांच एजेंसी एनआईए इस मामले में अभी तक आठ के करीब आरोपियों को गिरफ्तार कर चुकी है.",-,"मंगलवार सितम्बर 13, 2022 09:37 AM IST",NDTV News,Nupur Sharma Controversy,Neutral,Pro Hindu
"विरोधियों पर जमकर बरसे मनसे प्रमुख राज ठाकरे, नूपूर शर्मा के समर्थन में बोली बड़ी बात",राज्य की मौजूदा हालात पर राज ठाकरे बोले कि अभी जो राज्य में हुआ वो राजनीति नही है. मुझसे पूछा गया था आपने भी बगावत की थी? मैंने कोई बगावत नहीं की. मैं बालासाहेब को मिलकर उन्हें बता कर बाहर निकला था. जब मैं बाला साहेब से मिला तब उन्होंने दोनो हाथ फैलाकर मुझे गले लगाया और कहा कि जा. इसलिए मैने कोई दगा नहीं की. आप सबके भरोसे पर पार्टी खड़ी की.,"मंगलवार अगस्त 23, 2022 02:54 PM IST",NDTV News,Nupur Sharma Controversy,Neutral,Neutral
"नूपुर शर्मा की हत्या की फिराक में था जैश का संदिग्ध आतंकी, यूपी के सहारनपुर से हुआ गिरफ्तार",पाकिस्तान और अफगानिस्तान के जैश ए मोहम्मद और तहरीक ए पाकिस्तान के आतंकियों से नदीम चैट और वॉइस मैसेज के जरिए बातचीत कर रहा था.,"शुक्रवार अगस्त 12, 2022 08:29 PM IST",NDTV News,Nupur Sharma Controversy,Neutral,Anti Muslim
BJP की पूर्व प्रवक्ता नूपुर शर्मा के खिलाफ सभी FIR दिल्ली ट्रांसफर होंगी : सुप्रीम कोर्ट,सुप्रीम कोर्ट ने बुधवार को हुई सुनवाई के ये फैसला सुनाया. सुप्रीम कोर्ट ने सुनवाई के बाद कहा कि इन तमाम FIR को लेकर जांच अब दिल्ली पुलिस करेगी.,"बुधवार अगस्त 10, 2022 04:39 PM IST",NDTV News,Nupur Sharma Controversy,Neutral,Neutral
नूपुर शर्मा के समर्थन में पोस्ट करने पर अहमदनगर में युवक पर जानलेवा हमला,पुलिस की शुरुआती जांच में पता चला है कि चार अगस्त की शाम मुस्लिम समुदाय के 10 से 15 युवकों ने पहले प्रतीक को उसके दोस्त अमित के साथ अक्काबाई चौक पर रोका और बाद में उसपर तलवार और डंडों से हमला किया.,"शनिवार अगस्त 6, 2022 08:57 PM IST",NDTV News,Nupur Sharma Controversy,Neutral,Pro Hindu
"नूपुर शर्मा की हत्या की साज़िश के पीछे पाकिस्तानी संगठन, सीमापार से भेजा आतंकी गिरफ्तार",भाजपा की निलंबित प्रवक्ता नूपुर शर्मा की कथित तौर पर हत्या करने के लिए अंतरराष्ट्रीय सीमा के रास्ते भारत आए एक पाकिस्तानी नागरिक को राजस्थान के श्रीगंगानगर जिले में गिरफ्तार किया गया है.,"गुरुवार जुलाई 21, 2022 09:21 AM IST",NDTV News,Nupur Sharma Controversy,Neutral,Pro Hindu
"MP: नूपुर शर्मा का समर्थन करने पर बजरंग दल के कार्यकर्ता पर हमला, दो गिरफ्तार",आयुष का कहना है कि आरोपियों ने पहले उस से पूछा कि क्या उसका नाम आयुष जादम है. जब उसने हां कहां तो सभी लोग उसपर टूट पड़े.,"बुधवार जुलाई 20, 2022 11:33 PM IST",NDTV News,Nupur Sharma Controversy,Neutral,Pro Hindu
नूपुर शर्मा की हत्या के इरादे से भारतीय सीमा में घुसा पाकिस्तानी युवक गिरफ्तार,"आरोपी रिजवान पाकिस्तान (Pakistani) के मंडी बहाउद्दीन शहर का रहने वाला है. वह भाजपा (BJP) की निलंबित प्रवक्ता नूपुर शर्मा (Nupur Sharma) की हत्या के इरादे से भारत की सीमा में दाखिल हुआ था, जिसे बीएसएफ(BSF) ने गिरफ्तार कर लिया.","मंगलवार जुलाई 19, 2022 09:47 PM IST",NDTV News,Nupur Sharma Controversy,Neutral,Pro Hindu
"""उनकी जिंदगी, आजादी की रक्षा करने की जरूरत है"": नूपुर शर्मा को राहत देते हुए सुप्रीम कोर्ट","नूपुर की ओर से पेश हुए वकील मनिंदर सिंह ने कहा, ""नूपुर की जान को गंभीर खतरा है. अभी खबर मिली है कोई जान से मारने के लिए पाकिस्तान से आया है, जो पकड़ा गया है. पटना में पकड़े गए लोगों के वाट्सएप में नूपुर का पता मिला.""","मंगलवार जुलाई 19, 2022 07:41 PM IST",NDTV News,Nupur Sharma Controversy,Neutral,Pro Hindu
"युवक का आरोप- नूपुर शर्मा का समर्थन करने पर 6 बार चाकू मारा, SP बोले- मामला कुछ और",सीतामढ़ी के एसपी ने नूपुर शर्मा वाले एंगल से इंकार किया है. उनका कहना है कि कुछ युवक पान की दुकान पर सिगरेट पी रहे थे. धुएं को लेकर झगड़ा हुआ. इस मामले की जांच की जा रही है.,"मंगलवार जुलाई 19, 2022 11:02 AM IST",NDTV News,Nupur Sharma Controversy,Neutral,Neutral
"""कठोर आलोचना के बाद खतरे का सामना कर रही हूं"": नूपुर शर्मा ने सुप्रीम कोर्ट से कहा",पैगंबर मोहम्मद (Prophet Muhammad) पर अपने बयानों को लेकर बीजेपी की पूर्व प्रवक्ता नुपुर शर्मा (Nupur Sharma) फिर सुप्रीम कोर्ट (Supreme Court) पहुंची हैं. सर्वोच्च अदालत से अपने खिलाफ दर्ज नौ एफआईआर (FIR) में गिरफ्तारी पर रोक लगाने की मांग की है.,"मंगलवार जुलाई 19, 2022 12:25 AM IST",NDTV News,Nupur Sharma Controversy,Neutral,Neutral
"इंस्टाग्राम पर नुपुर शर्मा की तस्वीर डालने पर कारोबारी को मिली जान से मारने की धमकी, तीन गिरफ्तार","भारतीय जनता पार्टी (BJP) की निलंबित नेता नुपुर शर्मा ( Nupur Sharma)की तस्वीर इंस्टाग्राम पर डालने पर एक व्यवसायी को धमकी देने के आरोप में, गुजरात के सूरत से शुक्रवार को तीन व्यक्तियों को गिरफ्तार किया गया. पुलिस ने यह जानकारी दी.","शुक्रवार जुलाई 15, 2022 10:15 PM IST",NDTV News,Nupur Sharma Controversy,Neutral,Pro Hindu
"नूपुर शर्मा पर सुप्रीम कोर्ट की टिप्पणियों की आलोचना का मामला, अटॉर्नी जनरल ने कहा ये सुप्रीम कोर्ट की अवमानना नहीं   ","अटॉर्नी जनरल केके वेणुगोपाल ने दिल्ली हाईकोर्ट (Delhi High Court) के पूर्व जज जस्टिस एस एन ढींगरा, पूर्व ASG अमन लेखी और वरिष्ठ वकील के राम कुमार के खिलाफ अवमानना कार्यवाही शुरू करने की सहमति देने से इनकार कर दिया.","गुरुवार जुलाई 14, 2022 12:57 PM IST",NDTV News,Nupur Sharma Controversy,Neutral,Neutral
नुपुर शर्मा की जीभ काटने पर 2 करोड़ रुपये इनाम देने की घोषणा करने का आरोपी गिरफ्तार,हरियाणा पुलिस ने बताया कि इनाम घोषित करने का वीडियो सोशल मीडिया पर वायरल होने के बाद पुलिस ने गुरुवार को सालहेड़ी निवासी आरोपी इरशाद प्रधान के खिलाफ मामला दर्ज किया.,"शनिवार जुलाई 9, 2022 07:26 AM IST",NDTV News,Nupur Sharma Controversy,Neutral,Pro Hindu
क्या राणा दंपति का करीबी है उमेश कोल्हे हत्याकांड का मास्टरमाइंड?,अमरावती में उमेश कोल्हे हत्याकांड की जांच NIA की तरफ से की जा रही है. NDTV की पड़ताल में सामने आया है कि अमरावती मर्डर मामले के मास्टरमाइंड ने राणा दंपति के लिए चुनाव प्रचार किया था.,"गुरुवार जुलाई 7, 2022 07:30 PM IST",NDTV News,Nupur Sharma Controversy,,Neutral
जो कुरान पढ़ते हैं...' : हिंदू संगठन के नेता के खिलाफ हेट स्पीच का मामला दर्ज,"एक जुलाई को कुछ हिंदू संगठन के कार्यकर्ता राजस्थान के उदयपुर में दर्जी कन्हैया लाल की हत्या को लेकर विरोध प्रदर्शन कर रहे थे, उस दौरान यह बयान दिया गया.","गुरुवार जुलाई 7, 2022 10:56 AM IST",NDTV News,Nupur Sharma Controversy,Neutral,Pro Muslim
उदयपुर हत्या मामले को लेकर मुंबई की किशोरी को जान से मारने की धमकी,बुधवार को ही अजमेर में एक वकील ने दावा किया है कि उन्हें सोशल मीडिया पर धमकी मिली है कि उनके साथ भी उदयपुर जैसी घटना को ही अंजाम दिया जाएगा. वकील की तरफ से बार एसोसिएशन ने अजमेर एसपी को एक ज्ञापन भी सौंपा है.,"बुधवार जुलाई 6, 2022 11:48 PM IST",NDTV News,Nupur Sharma Controversy,,Neutral
"नूपुर शर्मा को समर्थन : सोशल मीडिया कमेंट पर बिहार में भिड़े युवक, राजस्थान में वकील को मिली धमकी",मामले की जांच कर रही ही पुलिस के अनुसार आरोपी युवक ने नूपुर शर्मा के समर्थन में कुछ दिन पहले ही एक सोशल मीडिया पोस्ट लिखा था.,"बुधवार जुलाई 6, 2022 05:02 PM IST",NDTV News,Nupur Sharma Controversy,Pro BJP,Pro Hindu
उदयपुर हत्याकांड : दो बहादुर किसानों ने कन्हैया लाल के हत्यारों का किया था 35 किमी तक पीछा,Kanhaiya Lal Murder case: राजस्थान के उदयपुर के कन्हैया लाल हत्याकांड (Kanhaiya Lal Murder case) में दो बहादुर ग्रामीणों ने हत्यारों का 35 किलोमीटर से अधिक दूरी तक पीछा किया था और उन्हें तब तक नहीं छोड़ा था जब तक कि पुलिस ने आकर उन्हें पकड़ नहीं लिया. बाइक पर भागने की कोशिश करते रहे हत्या के आरोपी गौस मोहम्मद और रियाज अख्तरी का दो किसान प्रह्लाद सिंह और शक्ति सिंह ने पीछा किया था. सामाजिक संगठनों ने इन बहादुर किसानों को नौकरी देने और इनाम देने की मांग की है.,"बुधवार जुलाई 6, 2022 01:42 PM IST",NDTV News,Nupur Sharma Controversy,Neutral,Neutral
"अजमेर दरगाह का खादिम गिरफ्तार, BJP की पूर्व प्रवक्ता नूपुर शर्मा को लेकर दिया था भड़काऊ बयान",एक वीडियो क्लिप को लेकर सोमवार रात एफआईआर दर्ज होने के बाद राजस्थान पुलिस सलमान चिश्ती की तलाश कर रही थी.,"बुधवार जुलाई 6, 2022 11:46 AM IST",NDTV News,Nupur Sharma Controversy,Neutral,Pro Hindu
नुपुर शर्मा को धमकाने के आरोप में अजमेर दरगाह के मौलवी पर केस दर्ज,BJP की निलंबित प्रवक्ता नूपुर शर्मा को कथित तौर पर धमकाने का वीडियो बनाकर सोशल मीडिया पर सामने आने के बाद अजमेर दरगाह के एक खादिम (मौलवी) के खिलाफ मामला दर्ज किया गया है. पुलिस आरोपी को तलाश रही है. दरगाह पुलिस थाने में सोमवार रात को एक व्यक्ति ने सलमान चिश्ती के खिलाफ शिकायत दर्ज कराई थी.,"मंगलवार जुलाई 5, 2022 06:47 PM IST",NDTV News,Nupur Sharma Controversy,Neutral,Pro Hindu
"नूपुर शर्मा पर SC की टिप्पणी के खिलाफ उतरे पूर्व जज, पूर्व नौकरशाह और रिटायर्ड सैन्य अफसर, 117 लोगों ने लिखी खुली चिट्ठी","आज जारी किए गए खुले पत्र में कहा गया है कि न्यायमूर्ति सूर्यकांत और न्यायमूर्ति जेबी पारदीवाला की पीठ की ""दुर्भाग्यपूर्ण और अभूतपूर्व टिप्पणियां"" न्यायिक लोकाचार के अनुरूप नहीं हैं.","मंगलवार जुलाई 5, 2022 02:57 PM IST",NDTV News,Nupur Sharma Controversy,Neutral,Pro Hindu
अमरावती में केमिस्ट उमेश कोल्हे की हत्या के मामले के सभी सात आरोपी NIA की हिरासत में,राष्ट्रीय जांच एजेंसी (NIA) ने महाराष्ट्र के अमरावती (Amravati) के केमिस्ट उमेश कोल्हे (Umesh Kolhe) की हत्या के सभी सात आरोपियों को हिरासत में ले लिया है. एक पुलिस अधिकारी ने मंगलवार को यह जानकारी दी. उन्होंने कहा कि एनआईए ने सभी आरोपियों को हिरासत में ले लिया है. उन्हें अमरावती की अदालत में पेश करने के बाद सोमवार को चार दिन की ट्रांजिट रिमांड पर लिया गया.,"मंगलवार जुलाई 5, 2022 08:10 AM IST",NDTV News,Nupur Sharma Controversy,Neutral,Pro Hindu
"सहारनपुर में हिंसा के आरोप में पुलिस ने पीट-पीटकर तोड़ दिए थे हाथ, अब आठ युवकों को कोर्ट ने कर दिया बरी","पैगम्बर मोहम्मद के खिलाफ BJP की पूर्व प्रवक्ता नूपुर शर्मा द्वारा की गई टिप्पणी को लेकर 10 जून को उत्तर प्रदेश के सहारनपुर में प्रदर्शन हुआ था. इसके बाद यूपी पुलिस ने 85 लड़कों को गिरफ़्तार किया था. पुलिस ने लड़कों को गिरफ्तार करने के बाद जमकर पीटा था. जिन लड़कों को पुलिस ने पीटा था, उनमें से आठ को सहारनपुर कोर्ट ने बाइज़्ज़त बरी कर दिया है.","सोमवार जुलाई 4, 2022 03:32 PM IST",NDTV News,Nupur Sharma Controversy,Neutral,Neutral
"नुपुर शर्मा के खिलाफ अखिलेश यादव का ट्वीट 'उकसाने वाला', सपा प्रमुख पर कार्रवाई हो : राष्‍ट्रीय महिला आयोग","एनसीडब्ल्यू की अध्यक्ष रेखा शर्मा ने कहा कि ट्वीट ‘‘सरासर उकसाने वाला’’ है. शर्मा ने कहा, ‘‘ राष्ट्रीय महिला आयोग ने पाया कि अखिलेश यादव का ट्वीट नुपुर शर्मा के खिलाफ नफरत एवं द्वेष की भावना को तथा दो धार्मिक समूहों के बीच सांप्रदायिक वैमनस्य को भड़काने वाला है, जो बेहद निंदनीय है.’’","सोमवार जुलाई 4, 2022 04:20 PM IST",NDTV News,Nupur Sharma Controversy,Neutral,Pro Hindu
नुपुर शर्मा की याचिका सुनने वाले सुप्रीम कोर्ट के जज ने 'पर्सनल अटैक' करने वालों को फटकारा,जस्टिस पारदीवाला और जस्टिस सूर्यकांत मिश्रा दोनों को सोशल मीडिया पर कुछ यूजर्स ने उनकी याचिका की सुनवाई के दौरान नुपुर शर्मा के खिलाफ मौखिक टिप्पणियों के बाद निशाना बनाया है.,"रविवार जुलाई 3, 2022 11:50 PM IST",NDTV News,Nupur Sharma Controversy,Neutral,Neutral
"मारे गए केमिस्ट ने नुपुर शर्मा से जुड़ी पोस्ट व्हाट्सएप ग्रुप में पोस्ट की थी, जिसमें मुस्लिम भी थे सदस्य : पुलिस","वरिष्ठ पुलिस अधिकारी विक्रम साली ने भारी दबाव के बीच कहा, ""आरोपियों ने बताया कि उन्होंने नुपुर शर्मा के बारे में पोस्ट करने को लेकर कोल्हे को मार डाला.""","रविवार जुलाई 3, 2022 12:23 AM IST",NDTV News,Nupur Sharma Controversy,Neutral,Neutral
कोलकाता पुलिस ने नूपुर शर्मा के खिलाफ लुकआउट नोटिस जारी किया,कोलकाता पुलिस (Kolkata Police) ने शनिवार को बीजेपी की निलंबित प्रवक्ता नूपुर शर्मा (Nupur Sharma) के लिए लुकआउट नोटिस (Lookout notice) जारी कर दिया. पैगंबर मोहम्मद पर कथित विवादास्पद टिप्पणी के मामले में आरोपी नूपुर शर्मा लगातार चौथी बार पेश नहीं हुईं. नूपुर शर्मा के कमेंट को लेकर पश्चिम बंगाल के कुछ हिस्सों में व्यापक हिंसा हुई थी.,"शनिवार जुलाई 2, 2022 06:48 PM IST",NDTV News,Nupur Sharma Controversy,Neutral,Neutral
"उमेश कोल्हे के भाई ने कहा, समझ नहीं आ रहा; सिर्फ कुछ मैसेज भेजने पर हत्या?","Umesh Kolhe murder Case: महाराष्ट्र (Maharashtra) के अमरावती शहर में 21 जून को गला रेतकर हुई केमिस्ट उमेश कोल्हे (Umesh Kolhe) की हत्या के मामले को लेकर उनके भाई महेश कोल्हे ने कहा है कि उनके भाई ने नूपुर शर्मा (Nupur Sharma) के बारे में व्हाट्सऐप पर कुछ मैसेज भेजे थे, लेकिन यह समझना मुश्किल है कि इनके कारण उनकी हत्या क्यों की गई?   ","शनिवार जुलाई 2, 2022 07:28 PM IST",NDTV News,Nupur Sharma Controversy,Neutral,Neutral
"""नूपुर शर्मा सहयोग कर रही हैं"", कोर्ट की फटकार के बाद दिल्ली पुलिस का बयान - सूत्र",पुलिस उपायुक्त (आईएफएसओ) के पी एस मल्होत्रा ने कहा कि दंड प्रक्रिया संहिता की धारा 41 ए (पुलिस अधिकारी के समक्ष पेश होने का नोटिस) के तहत शर्मा को 18 जून को नोटिस जारी किया गया था और कानून के मुताबिक उनका बयान दर्ज किया गया था.,"शनिवार जुलाई 2, 2022 12:06 AM IST",NDTV News,Nupur Sharma Controversy,Neutral,Neutral
"इस सवाल पर कि आरिफ मोहम्‍मद खान ने कहा है कि जो कट्टरवाद पैदा हो रहा उसके पीछे मुख्‍य रूप से मदरसे है जो गलत शिक्षा दे रहे हैं, जंग ने कहा, ""आरिफ साब विद्वान हैं. मैं उनकी बेहद इज्‍जत करता हूं लेकिन उनकी इस बात से इत्‍तेफाक नहीं रखता. देश के स्‍वाधीनता आंदोलन में मदरसों का अहम योगदान रहा है. """,-,"शुक्रवार जुलाई 1, 2022 10:01 PM IST",NDTV News,Nupur Sharma Controversy,Neutral,Pro Muslim
"नूपुर शर्मा मामलाः सुप्रीम कोर्ट ने टीवी डिबेट एजेंडा, दिल्ली पुलिस पर उठाए सवाल","न्यायमूर्ति सूर्यकांत ने कहा, ""... जब आप दूसरों के खिलाफ प्राथमिकी (FIR) दर्ज करते हैं तो उन्हें तुरंत गिरफ्तार कर लिया जाता है लेकिन जब यह आपके खिलाफ होता है तो किसी ने आपको छूने की हिम्मत नहीं की.""","शुक्रवार जुलाई 1, 2022 02:32 PM IST",NDTV News,Nupur Sharma Controversy,Neutral,Neutral
"""जिद्दी और अहंकारी..."" नूपुर शर्मा की याचिका पर सुनवाई के दौरान SC ने लगाई कड़ी फटकार, पढ़ें कोर्ट की 5 बड़ी टिप्पणी",पैगंबर मोहम्मद (Prophet Row) पर विवादित टिप्पणी कर सुर्खियों में आईं बीजेपी की निलंबित प्रवक्ता नूपुर शर्मा (Nupur Sharma) को शुक्रवार को सुप्रीम कोर्ट ने जमकर फटकार लगाई. देश भर के अलग-अलग कोर्ट और थानों में दर्ज मामलों को दिल्ली शिफ्ट करने की मांग को लेकर दायर याचिका पर सुनवाई करते हुए जस्टिस सूर्यकांत ने पूर्व बीजेपी नेता पर कई तीखी टिप्पणियां कीं और उन्हें देश में हो रही हिंसात्मक घटनाओं का जिम्मेदार बताते हुए माफी मांगने को कहा. कोर्ट ने उनके वकील सीनियर लॉयर मनिंदर सिंह को भी फटकार लगाई.,"शुक्रवार जुलाई 1, 2022 01:17 PM IST",NDTV News,Nupur Sharma Controversy,Neutral,Neutral
"निलंबित BJP नेता नूपुर शर्मा को ""सारे देश से माफी मांगनी चाहिए"" : सुप्रीम कोर्ट","सुप्रीम कोर्ट ने आज कहा कि भाजपा नेता नूपुर शर्मा, जिनकी पैगंबर मुहम्मद पर टिप्पणियों ने खाड़ी देशों में भारी गुस्सा पैदा किया और देश में विरोध प्रदर्शन किया, को ""पूरे देश"" से माफी मांगनी चाहिए. सुप्रीम कोर्ट ने यह भी कहा कि देश में जो हो रहा है उसके लिए वे अकेले ही जिम्मेवार है.","शुक्रवार जुलाई 1, 2022 12:35 PM IST",NDTV News,Nupur Sharma Controversy,Neutral,Neutral
2 लोगों ने मेरी दुकान की रेकी की... मेरी सुरक्षा करें' : हत्या से पहले उदयपुर के टेलर ने पुलिस से की थी शिकायत,"कन्हैया लाल को उसकी दुकान में दो लोगों, गोस मोहम्मद और रियाज़ अख्तरी ने मार डाला. इसके साथ ही इस दौरान उन्होंने इस पूरी वारदात को कैमरे में कैद किया.","बुधवार जून 29, 2022 04:50 PM IST",NDTV News,Nupur Sharma Controversy,Neutral,Neutral
हमे एकजुट होकर नफ़रत को हराना है': उदयपुर मर्डर के बाद राहुल गांधी,राजस्थान के उदयपुर में नूपुर शर्मा के समर्थन में पोस्ट शेयर करने के बाद  एक दर्जी की सरेआम हत्या कर दी गई. कांग्रेस नेता राहुल गांधी (Rahul Gandhi) ने इस घटना की निंदा करते हुए लोगों से शांत रहने की अपील की.,"मंगलवार जून 28, 2022 10:13 PM IST",NDTV News,Nupur Sharma Controversy,Neutral,Neutral
"उदयपुर : पीड़ित परिवार की सुरक्षा की गुहार राजस्थान पुलिस ने नहीं सुनी, नेता विपक्ष कटारिया का आरोप",उदयपुर में इस घटना के बाद राजस्थान में विपक्ष के नेता गुलाबचंद कटारिया (Gulab Chand Kataria) ने कहा कि एक गैंग के तहत इस तरह की घटना को अंजाम दिया जा रहा है.,"मंगलवार जून 28, 2022 09:24 PM IST",NDTV News,Nupur Sharma Controversy,Neutral,Neutral
"Udaipur Murder: सोशल मीडिया पोस्ट को लेकर टेलर कन्हैया लाल की हत्या, 2 गिरफ्तार; कई हिस्सों में कर्फ्यू","जयपुर: राजस्थान के उदयपुर शहर में एक दर्जी की उसकी दुकान पर हत्या कर दी गई. उसके हत्यारों के द्वारा फिल्माई गई हत्या ने बड़े पैमाने पर तनाव पैदा कर दिया है. शहर के कई हिस्सों में कर्फ्यू लग गया है. वहीं, राजस्थान में अगले 24 घंटों तक के लिए इंटरनेट बंद कर दिया गया है. यहां करीबन 600 और पुलिसकर्मियों को बुलाया गया है. मुख्यमंत्री अशोक गहलोत ने शांति की अपील की है. वहीं एनआईए की टीम भी उदयपुर पहुंच रही है. सरकारी सूत्रों ने बताया है कि इस मामले को आंतकी घटना मानकर जांच की जा रही है.","मंगलवार जून 28, 2022 10:22 PM IST",NDTV News,Nupur Sharma Controversy,,Neutral
"Udaipur Murder LIVE Updates: जांच के लिए SIT का गठन, राजस्थान में इंटरनेट 24 घंटे के लिए बंद",Udaipur LIVE Updates : उदयपुर में टेलर कन्हैया लाल साहू की हत्या को लेकर तनाव फैल गया है. कन्हैया लाल साहू की दिनदहाड़े भीड़ भरे बाजार में उनकी दुकान के भीतर हत्या कर दी गई. कन्हैया लाल साहू को बीजेपी से निष्कासित नेता नुपुर शर्मा के समर्थन में सोशल मीडिया पोस्ट के बाद से लगातार जान से मारने की धमकियां मिल रही थीं.,"बुधवार जून 29, 2022 12:19 AM IST",NDTV News,Nupur Sharma Controversy,,Neutral
"उदयपुर हत्याकांड : ""हत्या का वीडियो न देखें, भयानक है..."", शहर के शीर्ष पुलिस अधिकारी की अपील","राजस्थान के एडीजी लॉ एंड ऑर्डर हवा सिंह घुमारिया ने कहा कि कन्हैयालाल साहू के हत्याकांड से जुड़ा वीडियो बेहद डराने वाला है. घुमारिया ने मीडिया से भी अपील की है कि वे इस वीडियो को प्रसारित न करें, यह बेहद आपत्तिजनक वीडियो है.","मंगलवार जून 28, 2022 09:39 PM IST",NDTV News,Nupur Sharma Controversy,,Neutral
"नफरत फैलाने वालों को छू तक नहीं रही भाजपा, सच बोलने वालों की हो रही गिरफ्तारी' : ममता बनर्जी",पश्चिम बंगाल की मुख्यमंत्री ममता बनर्जी (Mamata Banerjee) ने मंगलवार को ‘ऑल्ट न्यूज’ के सह-संस्थापक जुबैर अहमद (Zubair Ahmed) और कार्यकर्ता तीस्ता सीतलवाड़ की गिरफ्तारी को लेकर मंगलवार को भाजपा के नेतृत्व वाली केंद्र सरकार पर निशाना साधा.,"मंगलवार जून 28, 2022 04:48 PM IST",NDTV News,Nupur Sharma Controversy,Anti BJP,Neutral
"नुपुर शर्मा मुंबई पुलिस के सामने पेश नहीं हुईं, पैगंबर के खिलाफ विवादित बयान पर दर्ज हुआ केस",नुपुर शर्मा पैगंबर मोहम्मद के बारे में की गई टिप्पणी के मामले में एक बार फिर कोलकाता पुलिस के सामने पेश नहीं हुईं. शर्मा की टिप्पणी के खिलाफ पश्चिम बंगाल के विभिन्न हिस्सों में विरोध प्रदर्शन हुए थे.,"शनिवार जून 25, 2022 10:58 PM IST",NDTV News,Nupur Sharma Controversy,,Neutral
पैगंबर पर टिप्पणी के बाद अब बरेली से उठी नूपुर शर्मा की गिरफ्तारी की मांग,"इस दौरान लोगों ने शांतिपूर्ण तरीके से दुरूद शरीफ पढ़ा और देश में शांति व भाईचारा बने रहने की दुआ की. आईएमसी के अध्यक्ष मौलाना तौकीर रज़ा खां ने इस मौके पर कहा कि हम कितने समय से भाजपा की पूर्व राष्ट्रीय प्रवक्ता नूपुर शर्मा की गिफ्तारी मांग कर रहे हैं, लेकिन सरकार नहीं सुन रही है.","रविवार जून 19, 2022 11:27 PM IST",NDTV News,Nupur Sharma Controversy,,Neutral
6-7 महीनों में नुपुर शर्मा को बड़ा नेता बना दिया जाएगा' : ओवैसी ने BJP पर साधा निशाना,पैगंबर मोहम्मद के खिलाफ विवादास्पद टिप्पणी का देश-दुनिया के कई हिस्सों में विरोध होने के बाद भाजपा ने पांच जून को नुपुर शर्मा को निलंबित कर दिया था और जिंदल को निष्कासित कर दिया था.,"रविवार जून 19, 2022 09:31 AM IST",NDTV News,Nupur Sharma Controversy,Anti BJP,Neutral
दिल्ली : नुपुर शर्मा के खिलाफ धमकी भरा पोस्ट शेयर करने वाला गिरफ्तार,पुलिस के मुताबिक सतपाल तंवर भीम सेना का अध्यक्ष है. पैगंबर मोहम्मद पर नुपुर शर्मा द्वारा की गई विवादित टिप्पणी के बाद आरोप ने भड़काऊ पोस्ट किया था.,"शनिवार जून 18, 2022 02:03 AM IST",NDTV News,Nupur Sharma Controversy,,Pro Hindu
"नुपुर शर्मा का नहीं चल रहा पता, पांच दिन से दिल्‍ली में है मुंबई पुलिस की टीम : महाराष्‍ट्र सरकार सूत्र",नुपुर को लाने के लिए मुंबई पुलिस की एक टीम दिल्ली में है पर वे मिल नही रहीं. महाराष्ट्र गृह मंत्रालय के सूत्रों के मुताबिक मुंबई पुलिस के पास नूपुर शर्मा को गिरफ़्तार करने के लिए पर्याप्त सबूत हैं.,"शुक्रवार जून 17, 2022 02:46 PM IST",NDTV News,Nupur Sharma Controversy,,Neutral
"मुस्लिमों को लेकर संगीतकार विशाल ददलानी का ट्वीट- 'आपका दर्द हमारा दर्द', शशि थरूर ने कहा- ""शाबाश...""","नूपुर शर्मा ने पिछले महीने एक टीवी डिबेट के दौरान पैगंबर मोहम्मद पर आपत्तिजनक टिप्पणी की थी. जिसपर ईरान, इराक, कुवैत, कतर, सऊदी अरब, ओमान, यूएई, जॉर्डन, अफगानिस्तान, बहरीन, मालदीव, लीबिया और इंडोनेशिया सहित कम से कम 15 देशों ने आधिकारिक विरोध जताया है.","शुक्रवार जून 17, 2022 07:23 AM IST",NDTV News,Nupur Sharma Controversy,,Pro Muslim
"नुपुर शर्मा के समर्थन में सोशल मीडिया पर युवक को स्टेटस लगाना पड़ा भारी, दोस्तों ने कर दी पिटाई, 3 गिरफ्तार",स्थानीय पुलिस अब मामला दर्ज कर जांच में जुटी है. मामले में 3 आरोपी गिरफ्तार किए जा चुके हैं.,"शुक्रवार जून 17, 2022 01:54 AM IST",NDTV News,Nupur Sharma Controversy,,Neutral
"फेसबुक पर 'आपत्तिजनक' पोस्ट डालने पर बीजेपी नेता गिरफ्तार, नुपुर शर्मा का किया था समर्थन",झारखंड (Jharkhand) के सरायकेला-खरसावां जिले में भारतीय जनता पार्टी (BJP) के एक स्थानीय नेता को पार्टी की निलंबित प्रवक्ता नुपुर शर्मा (Nupur Sharma) के समर्थन में फेसबुक पर 'आपत्तिजनक' पोस्ट डालने के लिए गिरफ्तार किया गया है.,"मंगलवार जून 14, 2022 09:30 PM IST",NDTV News,Nupur Sharma Controversy,,Neutral
"नूपुर शर्मा पर कार्रवाई को लेकर सुप्रीम कोर्ट में जनहित याचिका दाखिल, गिरफ्तारी की मांग",याचिका में कहा गया है कि शर्मा के बयान ने देश में और विश्व भर में बड़ा असंतोष और हंगामा मचाया है. नूपुर शर्मा के बयान की वजह से हमारे महान राष्ट्र की छवि कलंकित हुई है.,"मंगलवार जून 14, 2022 09:02 PM IST",NDTV News,Nupur Sharma Controversy,,Neutral
पैगंबर टिप्‍पणी विवाद : भद्रवाह में नौ लोग हिरासत में; किश्तवाड़ में पांच घंटे के लिए कर्फ्यू में ढील,"जम्मू-कश्मीर (Jammu-Kashmir) के डोडा जिले के कर्फ्यू वाले भद्रवाह शहर में मंगलवार को नौ लोगों को हिरासत में लिया गया, जबकि किश्तवाड़ जिला मुख्यालय में पांच घंटे के लिए प्रतिबंधों में ढील दी गई.","मंगलवार जून 14, 2022 06:20 PM IST",NDTV News,Nupur Sharma Controversy,,Neutral
पैगंबर मोहम्मद टिप्पणी मामला : नुपुर शर्मा ने भिवंडी पुलिस के समक्ष पेश होने के लिए समय मांगा,भिवंडी के एक पुलिस अधिकारी ने शाम को संवाददाताओं को बताया कि शर्मा ने अपने वकील के माध्यम से ठाणे पुलिस को एक ईमेल भेजा और अपना बयान दर्ज करने के वास्ते पुलिस के सामने पेश होने के लिए चार सप्ताह का समय मांगा.,"मंगलवार जून 14, 2022 04:50 AM IST",NDTV News,Nupur Sharma Controversy,,Neutral
"झारखंड के जिस जख्मी पुलिसकर्मी की फोटो हुई थी वायरल, उसने बताया कैसे भीड़ हुई हिंसक","Ranchi Protest: झारखंड (Jharkhand) की राजधानी रांची में गत शुक्रवार को पैगंबर मुहम्मद (Prophet Muhammad) के बारे में बीजेपी (BJP) नेताओं की कथित टिप्पणियों के विरोध में भीड़ के प्रदर्शन और फिर हिंसा के बाद एक पुलिसकर्मी (Policeman) की खून से लथपथ सिर पर कपड़ा पकड़े एक तस्वीर वायरल हो गई. सोमवार को एनडीटीवी से बात करते हुए घायल पुलिसकर्मी डेली मार्केट स्टेशन हाउस ऑफिसर अवधेश ठाकुर ने कहा कि पुलिस को स्थिति के हिंसक होने की उम्मीद नहीं थी, हालांकि विरोध प्रदर्शन की योजना बनाई गई थी. रांची में हुई हिंसा में दो प्रदर्शनकारियों की मौत हो गई और पुलिस कर्मियों सहित 20 से अधिक लोग घायल हो गए.","सोमवार जून 13, 2022 09:26 PM IST",NDTV News,Nupur Sharma Controversy,Anti BJP,Neutral
"पैगंबर टिप्पणी विवाद के बीच, गौतम गंभीर ने नूपुर शर्मा के समर्थन में किया ट्वीट","भाजपा नेता कपिल मिश्रा और जिला स्तर के नेताओं ने शर्मा का खुलकर समर्थन किया था. बीजेपी सांसद साध्वी प्रज्ञा ठाकुर ने ट्वीट किया, 'अगर सच बोलना बगावत है तो मैं भी बागी हूं.'","रविवार जून 12, 2022 10:16 PM IST",NDTV News,Nupur Sharma Controversy,,Neutral
"‘पैगंबर के अपमान’ को लेकर नागपुर के विज्ञान संस्थान की वेबसाइट हैक, हैकर ने अपनी पहचान भी बताई",देश के कुछ हिस्सों में भाजपा की निलंबित प्रवक्ता नूपुर शर्मा और पार्टी से निष्कासित नेता नवीन कुमार जिंदल द्वारा पैगंबर मोहम्मद के खिलाफ की गई कथित आपत्तिजनक टिप्पणी के विरोध के बीच इंस्टीट्यूट ऑफ साइंस की वेबसाइट को हैक किए जाने की यह घटना सामने आई है.,"सोमवार जून 13, 2022 12:31 AM IST",NDTV News,Nupur Sharma Controversy,,Pro Muslim
पैगंबर विवाद में इस्लामी मुल्कों के समूह की टिप्पणी 'अवांछित' तथा 'संकीर्ण मानसिकता वाली' : भारत,"इस्लामिक सहयोग संगठन (OIC) के महासचिव के हालिया बयान के संबंध में मीडिया के सवालों के जवाब में विदेश मंत्रालय के आधिकारिक प्रवक्ता अरिंदम बागची ने कहा, ""हमने भारत पर इस्लामिक सहयोग संगठन के महासचिव का बयान देखा है. भारत सरकार ओआईसी सचिवालय की अनुचित और संकीर्ण सोच वाली टिप्पणियों को स्पष्ट रूप से खारिज करती है.""","सोमवार जून 6, 2022 12:15 PM IST",NDTV News,Nupur Sharma Controversy,,Neutral
"महादेव के अपमान को मैं बर्दाश्त नहीं कर पाई...', पार्टी से निलंबित होने पर नुपुर शर्मा ने किया ट्वीट",पैगंबर मोहम्मद को लेकर विवादित बयान देने के आरोप में बीजेपी ने पार्टी प्रवक्ता नुपुर शर्मा को पार्टी से निलंबित कर दिया है. पार्टी की तरफ से की गयी कार्रवाई के बाद उन्होंने ट्वीट कर कहा है कि मैं अपने बयान को वापस लेती हूं. मेरी मंशा किसी को कष्ट पहुंचाने की नहीं थी.,"रविवार जून 5, 2022 06:27 PM IST",NDTV News,Nupur Sharma Controversy,,Pro Hindu
"""BJP अचानक क्यों जागी'' : उमर अब्दुल्ला ने बताया विवादास्पद बयानों पर कार्रवाई की वजह",विवादित बयान पर लगातार हो रहे विरोध के बाद बीजेपी नेता विपक्ष के निशाने पर हैं. वहीं बीजेपी ने नुपुर शर्मा को सस्पेंड कर दिया है. वहीं नवीन कुमार जिंदल को पार्टी से निष्कासित कर दिया गया है.,"रविवार जून 5, 2022 08:38 PM IST",NDTV News,Nupur Sharma Controversy,Anti BJP,Neutral
बीजेपी डैमेज कंट्रोल में जुटी; नुपुर शर्मा के निलंबन के साथ नवीन कुमार जिंदल को पार्टी से निकाला,विवादित बयान पर लगातार हो रहे विरोध के बाद बीजेपी ने अपने नेताओं पर कार्रवाई की है. पार्टी ने नुपुर शर्मा को सस्पेंड कर दिया है. वहीं नवीन कुमार जिंदल को पार्टी से निष्कासित कर दिया गया है.,"रविवार जून 5, 2022 10:39 PM IST",NDTV News,Nupur Sharma Controversy,,Neutral
"बीजेपी प्रवक्ता नुपुर शर्मा के खिलाफ मुंबई पुलिस ने दर्ज किया केस, पैगंबर मोहम्मद पर टिप्पणी के चलते विवादों में हैं",रजा अकादमी का आरोप है कि बीजेपी प्रवक्ता नुपुर शर्मा ने एक चैनल पर इस्लाम और पैगंबर मोहम्मद के बारे में आपत्तिजनक टिप्पणी कर मुस्लिम समाज की भावनाओ को ठेस पहुंचाई है .,"रविवार मई 29, 2022 11:17 AM IST",NDTV News,Nupur Sharma Controversy,,Neutral
"नवीन जिंदल ने लिखा- 'जय श्री राम', मिली 'सर तन से जुदा' की धमकी, जानें पूरा मामला",Naveen Jindal Threat: पैगंबर मुहम्मद को लेकर कथित विवादित टिप्पणी के लिए भाजपा द्वारा बर्खास्त किए गए नवीन जिंदल को ट्विटर पर जान से मारने की धमकी मिली है.,"Sep 14,2022, 22:10 PM IST",ZEE News,Nupur Sharma Controversy,Neutral,Pro Hindu
"कन्हैया लाल कांड की तर्ज पर मुज्जफरनगर में टेलर को दी धमकी, एक्शन में योगी की पुलिस",सोशल मीडिया पोस्ट को लेकर अभी राजस्थान के उदयपुर हत्याकांड की यादें पुरानी नहीं हुई हैं. इसी कड़ी में उत्तर प्रदेश के मुजफ्फरनगर में एक टेलर को धमकी भरा खत मिला है. पत्र में कन्हैया लाल और नुपूर शर्मा का जिक्र करते हुए जान से मारने की धमकी दी गई है.,"Aug 24,2022, 19:20 PM IST",ZEE News,Nupur Sharma Controversy,Neutral,Pro Hindu
"नूपुर शर्मा के लिए अब राज ठाकरे ने कह दी ये बड़ी बात, याद दिलाया जाकिर नाइक का बयान",Prophet Comment Row: नूपुर शर्मा ने मई के आखिरी हफ्ते में एक टीवी चैनल पर डिबेट के दौरान पैगंबर मोहम्मद पर कमेंट किया था. इसको लेकर काफी बवाल हुआ था और देशभर में प्रदर्शन हुए थे.,"Aug 23,2022, 23:17 PM IST",ZEE News,Nupur Sharma Controversy,Neutral,Neutral
Deshhit: पैगंबर का अपमान...'सिर कलम' का फरमान,बीजेपी विधायक टी. राजा सिंह की पैगंबर साहब पर आपत्तिजनक टिप्पणी से तेलंगाना में बवाल बढ़ गया. आज उन्हें इस मामले में गिरफ्तार भी किया गया. राजा सिंह के वकील ने दावा किया है कि कोर्ट ने उन्हें फौरन रिहा करने का आदेश दिया है. पैगंबर साहब के अपमान का आरोप लगने के बाद BJP ने राजा सिंह को निलंबित कर दिया है और साथ ही उन्हें शो कॉज नोटिस भी जारी किया गया है.,"Aug 23,2022, 22:42 PM IST",ZEE News,Nupur Sharma Controversy,Neutral,Pro Muslim
"राज ठाकरे ने किया नूपुर शर्मा का खुला समर्थन, कह दी ये बड़ी बात",पैगंबर मोहम्मद के खिलाफ टिप्पणी को लेकर मनसे प्रमुख राज ठाकरे ने नूपुर शर्मा का समर्थन किया है. उन्होंने क्या कहा इस रिपोर्ट में पढ़िए..,"Aug 23,2022, 19:00 PM IST",ZEE News,Nupur Sharma Controversy,,Neutral
"कौन हैं विवादों के 'राजा'? किया पैगंबर का अपमान, पहले 6 बार कर चुके हैं ये 'काम'","BJP से निलंबित किए गए विधायक टी राजा आखिर कौन हैं? जो अपनी विवादित टिप्पणी के चलते एक बार फिर सुर्खियों में हैं. ऐसा नहीं है कि उन्होंने पहली बार कोई आपत्तिजनक बयानबाजी की हो, इससे पहले भी कई बार वो ऐसा कर चुके हैं. इस बार उन्हें पार्टी से निलंबित कर दिया गया.","Aug 23,2022, 18:33 PM IST",ZEE News,Nupur Sharma Controversy,Neutral,Pro Muslim
Taal Thok Ke : इस्लामिक स्टेट के कितने टारगेट?,कुछ महीने पहले बीजेपी की प्रवक्ता नूपुर शर्मा ने एक टीवी डिबेट के दौरान बयान दिया था. जिसके बाद पार्टी ने उन्हें सस्पेंड कर दिया था. इसके बाद देश के कई राज्यों में कट्टरपंथियों की ओर से खौफ पैदा करने की कोशिश की गई. यहां तक कि राजस्थान में कन्हैया लाल का कत्ल किया गया. महाराष्ट्र में भी उमेश कोल्हे का सिर कलम कर दिया गया. अब आतंकी संगठन ISI की साजिश का खुलासा हुआ है.,"Aug 22,2022, 20:50 PM IST",ZEE News,Nupur Sharma Controversy,Neutral,Neutral
Taal Thok Ke: विजय शंकर तिवारी ने वारिस पठान की कर दी बोलती बंद,कुछ महीने पहले बीजेपी की प्रवक्ता नूपुर शर्मा ने एक टीवी डिबेट के दौरान बयान दिया था. जिसके बाद पार्टी ने उन्हें सस्पेंड कर दिया था. इसके बाद देश के कई राज्यों में कट्टरपंथियों की ओर से खौफ पैदा करने की कोशिश की गई. यहां तक कि राजस्थान में कन्हैया लाल का कत्ल किया गया. महाराष्ट्र में भी उमेश कोल्हे का सिर कलम कर दिया गया. अब आतंकी संगठन ISI की साजिश का खुलासा हुआ है. देखिए डिबेट के दौरान VHP प्रवक्ता विजय शंकर ने कैसे वारिस पठान की बोलती बंद कर दी.,"Aug 22,2022, 20:28 PM IST",ZEE News,Nupur Sharma Controversy,Neutral,Neutral
"Saharanpur: आतंकी नदीम कर रहा था फिदायीन हमले की तैयारी, जाना चाहता था पाकिस्तान","Saharanpur Terrorist News: एटीएस द्वारा सहारनपुर से पकड़ा गया जैश-ए-मुहम्मद और तहरीक-ए-तालिबान का संदिग्ध आतंकी मोहम्मद नदीम फिदायीन हमले की तैयारी कर रहा था. एटीएस के मुताबिक, वह देश विरोधी गतिविधियों में लिप्त था. इस मामले में रोजाना नए खुलासे हो रहे हैं....  ","Aug 13,2022, 22:15 PM IST",ZEE News,Nupur Sharma Controversy,,Neutral
Terrorist Arrest: सहारनपुर से गिरफ्तार आतंकी ने हमले को लेकर किया बड़ा खुलासा,सहारनपुर से एक आतंकवादी को गिरफ्तार किया गया है. उसने खुलासा किया है कि वो फिदायीन हमले की तैयारी कर रहा था. ये आतंकी कई ऑनलाइन प्लेटफॉर्म से जुड़ा हुआ था.,"Aug 13,2022, 17:14 PM IST",ZEE News,Nupur Sharma Controversy,,Neutral
"नदीम के खतरनाक इरादों का पर्दाफाश, पाकिस्तान से सीधे मिल रहे थे दहशत फैलाने के ऑर्डर","UP News: आतंकी मोहम्मद नदीम का उद्देश्य अलग-अलग जगहों पर आतंकवादी घटना को अंजाम देने का था. नदीम कई ऑनलाइन प्लेटफॉर्म से जुड़ा था, जिससे वह आतंकवादी घटनाओं को अंजाम दे सके.","Aug 13,2022, 16:37 PM IST",ZEE News,Nupur Sharma Controversy,,Neutral
"Terrorist Arrest: UP एटीएस ने सहारनपुर से दबोचा आतंकी, मिला था नुपुर शर्मा की हत्या का टास्क","उत्तर प्रदेश के सहारनपुर से एक इस्लामिक आतंकवादी को गिरफ्तार किया गया है, पता चला है कि वह बीजेपी की सस्पेंडेड प्रवक्ता नूपुर शर्मा को जान से मारने की फ़िराक में था.","Aug 13,2022, 13:46 PM IST",ZEE News,Nupur Sharma Controversy,,Neutral
"पाकिस्तान से आई किताब पढ़कर बना आतंकी, नदीम के निशाने पर थीं नूपुर शर्मा","ATS की पूछताछ में आतंकी नदीम ने बताया, ""उसे जैश की ओर से बीजेपी से निलंबित नूपुर शर्मा की हत्या का टास्क दिया गया था."" नदीम ने कुबूल किया है कि उसे टेलीग्राम नंबर पर पाकिस्तान से एक 70 पेज की बुकलेट भेजी गई थी जिसमें हिंदी और उर्दू में Explosive course, Fidaen Force कैसे बनना है वो सब लिखा था. ","Aug 13,2022, 13:45 PM IST",ZEE News,Nupur Sharma Controversy,,Anti Muslim
"Namaste India : नूपुर शर्मा को मारने की फ़िराक में था जैश-ए-मुहम्मद का आतंकी, ATS ने सहारनपुर से पकड़ा","उत्तर प्रदेश के सहारनपुर से एक इस्लामिक आतंकवादी को गिरफ्तार किया गया है, पता चला है कि वह बीजेपी की सस्पेंडेड प्रवक्ता नूपुर शर्मा को जान से मारने की फ़िराक में था. पता चला है कि जिस मुस्लिम आतंकी को गिरफ्तार किया गया है","Aug 13,2022, 12:48 PM IST",ZEE News,Nupur Sharma Controversy,,Neutral
"Nupur Sharma को कब और कहां मारना है, JEM ने सहारनपुर के नदीम को सौंपा था यह काम",UP ATS BIG Success : सहारनपुर से पकड़ा गया संदिग्ध आतंकी नदीम की दो बुआ पाकिस्तान में रहती हैं. नदीम रिश्तेदारी की आड़ में आतंकी हमले की ट्रेनिंग लेने के लिए पाकिस्तान जाना चाहता था. सोशल मीडिया के जरिये वह तहरीक-ए-तालिबान आतंकी संगठन के आतंकी सैफुल्ला से फिदायीन हमले की ट्रेनिंग ले रहा था.,"Aug 13,2022, 11:36 AM IST",ZEE News,Nupur Sharma Controversy,,Neutral
"जैश-ए-मोहम्मद से जुड़ा आतंकी गिरफ्तार, नुपुर शर्मा की हत्या का मिला था जिम्मा",उत्तर प्रदेश पुलिस के आतंकवाद निरोधक दस्ते (एटीएस) ने शुक्रवार को सहारनपुर से जैश-ए-मोहम्मद एवं अन्य संगठनों से जुड़े एक कथित आतंकवादी को गिरफ्तार किया. उत्तर प्रदेश के अपर पुलिस महानिदेशक (कानून-व्यवस्था) प्रशांत कुमार ने शुक्रवार को इस संबंध में जानकारी दी.,"Aug 12,2022, 20:40 PM IST",ZEE News,Nupur Sharma Controversy,,Neutral
सहारनपुर- जैश का आतंकी मोहम्मद नदीम गिरफ्तार,सहारनपुर से जैश-ए-मोहम्मद के आतंकी मोहम्मद नदीम को गिरफ्तार कर लिया गया है. मिली जानकारी के मुताबिक वह बीजेपी की पूर्व नेता नूपुर शर्मा की हत्या करने का प्लान बना रहा था.,"Aug 12,2022, 20:34 PM IST",ZEE News,Nupur Sharma Controversy,,Neutral
"खंडवा में लगे 'सर तन से जुदा' के नारे, मोहर्रम जुलूस का वीडियो वायरल VIDEO","खंडवा में मोहर्रम में जुलूस के दौरान जब ताजियों को विसर्जन करने के लिए ले जाया जा रहा था, तब जलेबी चौक के पास जुलूस में मौजूद भीड़ ने कथित तौर से 'सर तन से जुदा' के नारे लगाए. बता दें कि जिस वक्त यह नारे लगाए जा रहे थे. तब कई पुलिसकर्मी मौके पर मौजूद थे. पुलिस अब वायरल वीडियो की जांच कर रही है, औऱ पहचान के बाद मामला दर्ज करने की बात कह रही है. देखिए ये Video","Aug 12,2022, 0:11 AM IST",ZEE News,Nupur Sharma Controversy,,Neutral
पैगंबर मोहम्मद पर टिप्पणी मामले में सुप्रीम कोर्ट से नुपुर शर्मा को मिली बड़ी राहत,Nupur Sharma: पैगंबर मोहम्मद मामले में नुपुर शर्मा को सुप्रीम कोर्ट से राहत मिली है. उच्चतम अदालत ने पैगंबर मोहम्मद पर कथित नफरत भरे बयान को लेकर नुपुर शर्मा के खिलाफ हुईं सभी प्राथमिकियों को एक साथ क्लब करने और उन्हें दिल्ली स्थानांतरित करने का निर्देश दिया है.,"Aug 10,2022, 17:08 PM IST",ZEE News,Nupur Sharma Controversy,Neutral,Neutral
"नूपुर शर्मा को सुप्रीम राहत, देशभर में दर्ज सभी केस दिल्ली ट्रांसफर, SC का आदेश",नूपुर शर्मा को सुप्रीम कोर्ट से बड़ी राहत मिली है. उनके खिलाफ दर्ज सभी FIR को दिल्ली ट्रांसफर किया जाएगा.,"Aug 10,2022, 16:57 PM IST",ZEE News,Nupur Sharma Controversy,Neutral,Neutral
"Nupur Sharma को सुप्रीम कोर्ट से बड़ी राहत, अब दिल्ली पुलिस करेगी पूरे मामले की जांच","पैगंबर मुहम्मद को लेकर एक बयान देने पर नुपूर शर्मा के खिलाफ देश भर में माहौल गर्मा गया था. इसके बाद बीजेपी ने नुपूर को पार्टी से निकाल दिया था. उनके खिलाफ महाराष्ट्र, पश्चिम बंगाल सहित अलग-अलग राज्यों में कुल 5 मामले दर्ज हुए थे.","Aug 10,2022, 16:42 PM IST",ZEE News,Nupur Sharma Controversy,Neutral,Neutral
अहमदनगर में नूपुर शर्मा का स्टेटस लगाने पर युवक पर हमला,Maharashtra : भारतीय जनता पार्टी (BJP) से निलंबित की जा चुकीं पार्टी प्रवक्ता नुपुर शर्मा (Nupur Sharma) का समर्थन करने वालों पर हमले रुक नहीं रहे हैं। ऐसे ही एक हमले में महाराष्ट्र के अहमदनगर का एक युवक बुरी तरह घायल हो गया है।,"Aug 7,2022, 13:14 PM IST",ZEE News,Nupur Sharma Controversy,Neutral,Neutral
महाराष्ट्र के अहमदनगर में युवक पर हमला,Maharashtra Crime: भारतीय जनता पार्टी (BJP) से निलंबित की जा चुकीं पार्टी प्रवक्ता नुपुर शर्मा (Nupur Sharma) का समर्थन करने वालों पर हमले रुक नहीं रहे हैं। ऐसे ही एक हमले में महाराष्ट्र के अहमदनगर का एक युवक बुरी तरह घायल हो गया है।,"Aug 7,2022, 12:40 PM IST",ZEE News,Nupur Sharma Controversy,Neutral,Neutral
"महाराष्ट्र: नूपुर शर्मा का समर्थन करने वाले शख्स पर हमला, हालत बेहद नाजुक",Man attacked by mob in Ahmednagar: महाराष्ट्र के अहमदनगर में उस वक्त कोहराम मच गया जब एक शख्स पर हमला किया गया. बताया गया कि शख्स ने कथित तौर पर भाजपा की पूर्व नेता नूपुर शर्मा का समर्थन किया था.,"Aug 7,2022, 8:52 AM IST",ZEE News,Nupur Sharma Controversy,Neutral,Neutral
"नुपुर शर्मा के समर्थन का आरोप लगाते हुए युवक पर तलवार, दरांती से हमला","भीड़ ने 23 वर्षीय एक व्यक्ति पर सोशल मीडिया पर भारतीय जनता पार्टी (बीजेपी) की निलंबित नेता नुपुर शर्मा का समर्थन करने का आरोप लगाते हुए धारदार हथियारों से हमला कर दिया, जिससे वह गंभीर रूप से घायल हो गया. पुलिस ने शनिवार को यह जानकारी दी.  ","Aug 6,2022, 20:24 PM IST",ZEE News,Nupur Sharma Controversy,Neutral,Neutral
Phulwari Sharif मामले में NIA की छापेमारी जारी,"Phulwari Sharif मामले में NIA की छापेमारी लगातार जारी है, बिहार ही नहीं देश के अलग-अलग राज्यों में Terror Modules के खिलाफ छापेमारी जारी है...इस दौरान बेहद अहम खुलासे भी हुए हैं....देखिए पूरी ख़बर !","Aug 3,2022, 13:00 PM IST",ZEE News,Nupur Sharma Controversy,Neutral,Neutral
कासगंज में नूपुर शर्मा का समर्थन करने पर RSS कार्यकर्ताओं को धमकी,कासगंज में नूपुर शर्मा का समर्थन करने पर RSS कार्यकर्ताओं को धमकी मिलने का मामला सामने आया है. आरोपियों ने जिंदा दफनाने की धमकी दी है. फिलहाल आरोपी युवकों के खिलाफ मामला दर्ज हो चूका है,"Jul 28,2022, 11:28 AM IST",ZEE News,Nupur Sharma Controversy,,Neutral
"नूपुर के समर्थन पर RSS कार्यकर्ता को 'जान से मारने की धमकी'', पुलिस तक पहुंचा मामला",कासगंज के अमांपुर थाना क्षेत्र के एक युवक का आरोप है कि उसे नुपूर शर्मा का समर्थन करने की वजह से जान से मारने की धमकी दी गई है. उसने इस बात की शिकायत पुलिस में दर्ज कराई है. मामला सामने आने के बाद पुलिस एक्शन में आ गई है.,"Jul 27,2022, 20:18 PM IST",ZEE News,Nupur Sharma Controversy,,Pro Hindu
"BJYM नेता की हत्या का उदयपुर कनेक्शन, कन्हैयालाल के सपोर्ट में की थी पोस्ट",राजस्थान के उदयपुर में दर्जी कन्हैयालाल की हत्या की आग अभी पूरी तरह बुझी भी नहीं थी कि कर्नाटक में बीजेपी युवा मोर्चा के एक नेता की निर्मम तरीके से हत्या कर दी गई है.,"Jul 27,2022, 15:50 PM IST",ZEE News,Nupur Sharma Controversy,,Neutral
"Madhya Pradesh: पिता को आया मैसेज -- आपका बेटा बहादुर था, लेकिन 'गुस्ताख ए रसूल की एक ही सजा'",मध्य प्रदेश के रायसेन जिले में इंजीनियरिंग स्टूडेंट की हुई हत्या के मामले में पिता को Whatsapp पर जो संदेश मिला वो हैरान करने वाला था. मैसेज में मौत को लेकर 'सर तन से जुदा' का जिक्र किया गया था.,"Jul 27,2022, 11:44 AM IST",ZEE News,Nupur Sharma Controversy,,Pro Muslim
Madhya Pradesh: नूपुर के समर्थन में 'गला काट गैंग' एक्टिव?,"मध्य प्रदेश के रायसेन जिले में बीती देर रात इंजीनियरिंग स्टूडेंट का शव मिला. शुरुआती जांच के बाद पुलिस मामले को आत्महत्या का केस मान रही थी, लेकिन छात्र के पिता को घटना से पहले जो मैसेज मिला है, उससे मौत पर सस्पेंस बढ़ गया है.","Jul 26,2022, 13:26 PM IST",ZEE News,Nupur Sharma Controversy,,Pro Hindu
"पिता को मैसेज मिला 'सिर तन से जुदा', फिर कुछ देर बाद रेलवे ट्रैक पर मिली बेटे की लाश","Raisen Crime News: पिता और दोस्तों के वाट्सऐप पर एक स्क्रीनशॉट आया, जिसमें लिखा था, 'गुस्ताख-ए-नबी की एक ही सजा, सिर तन से जुदा...!' इसके कुछ देर बाद ही स्टूडेंट की लाख रेलवे ट्रैक पर मिली.","Jul 26,2022, 8:57 AM IST",ZEE News,Nupur Sharma Controversy,,Neutral
"उदयपुर हत्याकांड: NIA को बड़ी कामयाबी, 8वां आरोपी भी हुआ गिरफ्तार","मामला शुरू में 29 जून को धनमंडी पुलिस स्टेशन में दर्ज किया गया था, लेकिन NIA ने मामला फिर से दर्ज कर लिया क्योंकि उसने जांच अपने हाथ में ले ली थी. ","Jul 22,2022, 23:46 PM IST",ZEE News,Nupur Sharma Controversy,,Neutral
नूपुर शर्मा पर ओवैसी की भड़काऊ तकरीर | देखिए Zee News से Exclusive बातचीत में क्या कुछ कहा?,"Zee News से Exclusive बातचीत में ओवैसी ने जमकर केंद्र सरकार को घेरा है, कहा - नूपुर शर्मा को पूरी तरह बचाया जा रहा है, अभी तक क्यों नहीं गिरफ्तार किया गया.देखें पूरा Interview","Jul 22,2022, 22:12 PM IST",ZEE News,Nupur Sharma Controversy,,Pro Hindu
उत्तर प्रदेश के गाजियाबाद में वकील को 'सिर तन से जुदा' करने की धमकी मिली है. वकील के घर पर ये धमकी भरे पोस्टर चस्पा किए गए हैं. बताया जा रहा है कि जिन असामाजिक तत्वों ने ये धमकी दी है वो नूपुर शर्मा और कन्हैया लाल का समर्थन करने से नाराज हैं.,-,"Jul 22,2022, 20:00 PM IST",ZEE News,Nupur Sharma Controversy,,Pro Hindu
Nupur Sharma Controversy : सिर तन से जुदा करने की फिर आई धमकी,नूपुर शर्मा के विवादित बयान के बाद धमकियों का सिलसिला जारी है. विवादित बयान को लेकर अमरावती और उदयपुर में दो लोगों की हत्या की जा चुकी है. लेकिन इसके बाद भी नूपुर शर्मा के समर्थन में पोस्ट करने वालों को धमकियां दी जा रहीं है.,"Jul 22,2022, 14:00 PM IST",ZEE News,Nupur Sharma Controversy,,Pro Hindu
"कन्हैया लाल और नूपुर शर्मा का समर्थन पड़ा भारी, अब वकील को सिर कलम करने की धमकी",गाजियाबाद के वकील के घर पर 'सिर तन से जुदा' के पोस्टर चस्पा होने का मामला सामने आया है. बताया जा रहा है कि थाना ट्रॉनिका सिटी इलाके में आवास विकास कॉलोनी में रहने वाले वकील को असामाजिक तत्वों सिर तन से अलग करने की धमकी दी है.,"Jul 21,2022, 15:33 PM IST",ZEE News,Nupur Sharma Controversy,,Pro Muslim
"कन्हैया-नूपुर शर्मा के समर्थन में निकाली थी मार्च, अब 'सिर तन से जुदा' करने की धमकी!","यूपी में 'सिर तन से जुदा' गैंग फिर एक्टिव दिख रही है. गाजियाबाद के एक वकील के घर पर ये पोस्टर चिपकाए गए हैं, वह भी इसलिए क्योंकि वकील ने नूपुर शर्मा और कन्हैयालाल का समर्थन किया था... पढ़ें खबर- ","Jul 21,2022, 13:20 PM IST",ZEE News,Nupur Sharma Controversy,,Pro Hindu
"आंतकवादी पार्टी,तहरीक-ए-लब्बैक से प्रभावित युवक का था नूपुर शर्मा को मारने का प्लान",पुलिस के मुताबिक घुसपैठिया धार्मिक रूप से (हत्या के लिए) इतना प्रेरित था और उसे पता नहीं था कि नूपुर कहां रहती है और वहां वो कैसे पहुंचेगा.,"Jul 21,2022, 10:06 AM IST",ZEE News,Nupur Sharma Controversy,,Neutral
"जिहादी मानसिकता पर चोट करने का प्लान, खुफिया एजेंसी की रडार पर 500 से ज्यादा लोग","महाराष्ट्र के अमरावती में उमेश कोल्हे और और उदयपुर में कन्हैया लाल दो हत्याएं, दो अलग-अलग राज्यों में हुई. लेकिन जांच एजेंसियों की तहकीकात बता रही है. इन दोनों हत्याओं के तार एक ही सिरे से जुड़े हुए हैं. जांच में पता चला है कि इन दोनों ही हत्याओं की तरह देशभर में दहशत पैदा करने के लिए जिहादी ग्रुप नूपुर शर्मा का समर्थन करने वाले और भी कई लोगों की हत्या करने की साजिश रच रहे थे.","Jul 21,2022, 8:50 AM IST",ZEE News,Nupur Sharma Controversy,,Anti Muslim
नूपुर शर्मा के समर्थन में स्टेटस लगाने पर जीजा-साले को मिली सिर कलम करने की धमकी,नूपुर शर्मा के समर्थन करने पर एक युवक को जान से मारने की धमकी देने और उसके जीजा से मारपीट करने के मामले में गिरफ्तार सभी सात आरोपितों को गंगापुर पुलिस ने कोर्ट में पेश किया.,"Jul 20,2022, 13:35 PM IST",ZEE News,Nupur Sharma Controversy,,Pro Hindu
Namaste India: पटना आतंकी साजिश के बड़ा खुलासा,पटना आतंकी मॉड्यूल पर अब एक बड़ा खुलासा हुआ है. नूपुर शर्मा के घर की रेकी की गई थी साथ ही एक आरोपी के मोबाइल से नूपुर शर्मा के घर का पता भी मिला है.,"Jul 20,2022, 11:34 AM IST",ZEE News,Nupur Sharma Controversy,,Neutral
नूपुर शर्मा के घर की रेकी की गयी थी - सूत्र,PFI जांच मामले में एक बड़ा खुलासा हुआ है. अतहर और अरमान के मोबाइल में कई सबूत मिले हैं. सूत्रों के मुताबिक नूपुर शर्मा के घर की रेकी की गयी थी,"Jul 20,2022, 11:10 AM IST",ZEE News,Nupur Sharma Controversy,,Neutral
Nupur Sharma Controversy: नूपुर की हत्या करने का था प्लान,नूपुर शर्मा के विवादित बयान को लेकर उन्हें लगातार धमकियां मिल रही है. लेकिन अब उनकी हत्या की साजिश पाकिस्तान से रची जा रही है. इसी के चलते राजस्थान में बॉर्डर पर एक पाकिस्तानी नागरिक को गिरफ्तार किया गया है. देखिए ये रिपोर्ट,"Jul 20,2022, 11:08 AM IST",ZEE News,Nupur Sharma Controversy,,Pro Hindu
PFI के निशाने पर नूपुर शर्मा? मर्डर प्लान के लिए घर की हुई थी रेकी,"पटना आतंकी मॉड्यूल के आरोपी के मोबाइल में नूपुर शर्मा के घर का पता मिला है. यही नहीं, नए खुलासे के मुताबिक नूपुर शर्मा के घर की रेकी भी की गई थी. जिससे माना जा रहा है कि PFI के निशाने पर नूपुर शर्मा हो सकती हैं. इस खुलासे के बाद जांच एजेंसिया अलर्ट मोड में आ गईं हैं.","Jul 20,2022, 8:17 AM IST",ZEE News,Nupur Sharma Controversy,,Pro Hindu
Bihar में Nupur Sharma का Video देखने पर सरेआम चाकूबाजी की वारदात,Sitamarhi: भाजपा की प्रवक्ता रहीं नुपूर शर्मा की टिप्पणी के बाद उनके नाम पर विवाद थमने का नाम नहीं ले रहा है. उदयपुर मर्डर के बाद बिहार के सीतामढ़ी से ऐसी ही खबर आई है. यहां नुपूर शर्मा मामले में बहस कर रहे दो पक्षों के बीच कहासुनी हुई. देखते-देखते इस झगड़े ने बड़ी झड़प का रुख अख्तियार कर लिया और पल भर में ये हिंसक हो गई. जिसके बाद चाकू-छूरे निकल आए. जिसके बाद एक युवक को चाकू मारकर घायल कर दिया गया है. घायल युवक के परिजनों ने दूसरे पक्ष पर आरोप लगाए हैं. पुलिस इस मामले से इंकार कर रही है...देखिए पूरी रिपोर्ट !,"Jul 20,2022, 6:22 AM IST",ZEE News,Nupur Sharma Controversy,,Neutral
Taal Thok Ke: नूपुर शर्मा के खिलाफ 'सिर तन से जुदा' गैंग को पाकिस्तानी शह है?,राजस्थान के श्रीगंगानगर में सुरक्षा बलों ने एक घुसपैठिये को पकड़ा है. भारत-पाकिस्तान सीमा से पकड़े गए घुसपैठिए ने खुलासा किया कि वो नुपुर शर्मा की हत्या के लिए भारत में आया था. पकड़े गए घुसपैठिए का नाम रिजवान अशरफ है.,"Jul 19,2022, 23:52 PM IST",ZEE News,Nupur Sharma Controversy,,Anti Muslim
"बिहार पुलिस को नुपुर शर्मा पर हमले की आशंका, पीएफआई ऑपरेटिव के मोबाइल से मिली डिटेल","सूत्रों ने कहा है कि नुपुर शर्मा पर हमले की साजिश हो सकती है. सूत्रों के मुताबिक, जिन परवेज और अरमान मलिक से पूछताछ की गई, उन्हें शुरू में सुरक्षा अधिकारियों को गुमराह किया. ","Jul 19,2022, 22:36 PM IST",ZEE News,Nupur Sharma Controversy,,Pro Hindu
नूपुर शर्मा को मारने के लिए पाकिस्तान से रची गई थी साजिश आरोपी ने बताई क्या थी प्लानिंग,विवादित बयानों को लेकर मुश्किल में घिरी बीजेपी से निलंबित नूपुर शर्मा (Nupur Sharma) की हत्या की साजिश का खुलासा हुआ है. पाकिस्तान से आए घुसपैठिए ने पूछताछ में नूपुर शर्मा की हत्या की प्लानिंग की बात कही है. भारत-पाकिस्तान बॉर्डर पर दो दिन पहले रिजवान अशरफ नाम का घुसपैठिया गिरफ्तार किया गया था. रिजवान के पास से दो चाकू और कई धार्मिक किताब बरामद हुई थी. जेआईसी ने जब रिजवान अशरफ से पूछताछ की. तो उसने बताया कि वो नूपुर शर्मा की हत्या करने के लिए भारत आया है. हालांकि उसे ये नहीं पता था कि नूपुर शर्मा कहां रहती है.,"Jul 19,2022, 21:32 PM IST",ZEE News,Nupur Sharma Controversy,,Pro Hindu
"नुपुर शर्मा को मारने आया पाकिस्तानी, बॉर्डर पर 11 इंच बड़े चाकू के साथ पकड़ा गया","सीमा सुरक्षा बल (BSF) ने भारतीय सीमा में घुस आए एक पाकिस्तानी युवक को गिरफ्तार किया है, जो भाजपा की निलंबित प्रवक्ता नुपुर शर्मा की हत्या करने की मंशा से भारत में घुसा था. इसके पास से अन्य सामान के साथ-साथ एक चाकू व छुरा भी बरामद किया गया है.","Jul 19,2022, 20:18 PM IST",ZEE News,Nupur Sharma Controversy,,Pro Hindu
Nupur Sharma की हत्या के लिए Pakistan से आया घुसपैठिया,नूपुर शर्मा के मामले में बड़ा खुलासा हुआ है. श्रीगंगानगर से एक घुसपैठिया पकड़ा गया है बताया जा रहा है वो पाकिस्तान से नूपुर शर्मा की हत्या करने आया था.,"Jul 19,2022, 18:48 PM IST",ZEE News,Nupur Sharma Controversy,,Neutral
"Nupur Sharma case: नूपुर शर्मा को SC से बड़ी राहत, 10 अगस्त तक गिरफ्तारी पर लगी रोक","Nupur Sharma case: पैगम्बर मोहम्मद पर टिप्पणी करने के कारण नूपुर शर्मा पर अलग-अलग राज्यों में 9 FIR दर्ज हैं, जिसपर कोर्ट ने नूपुर की गिरफ्तारी पर फिलहाल रोक लगा दी है.  ","Jul 19,2022, 18:09 PM IST",ZEE News,Nupur Sharma Controversy,,Neutral
"नुपुर शर्मा की हत्या के लिए पाकिस्तान से घुसपैठ, बॉर्डर पर पकड़ा गया",Nupur Sharma News: नुपुर शर्मा को पैगंबर मोहम्मद पर दिए बयान के बाद लगातार धमकियां मिल रही है. पाकिस्तान से फतवे जारी हो रहे है. अब नुपुर शर्मा की हत्या के लिए भारतीय सीमा में घुस रहा घुसपैठिया पकड़ा गया है.,"Jul 19,2022, 17:56 PM IST",ZEE News,Nupur Sharma Controversy,,Neutral
बीजेपी सांसद को जान से मारने की धमकी मिलने पर कांग्रेस विधायक ने दी कड़ी प्रतिक्रिया,नुपुर शर्मा के समर्थन में सोशल मीडिया पोस्ट करने वाले कन्हैया लाल की हत्या के बाद उनके परिवार की मदद करने वाले बीजेपी के राज्यसभा सांसद किरोड़ी लाल मीणा को जान से मारने की धमकी मिली है. इस पर राजस्थान के प्रतापगढ़ के कांग्रेस विधायक रामलाल मीणा ने कड़ी प्रतिक्रिया दी.,"Jul 19,2022, 17:33 PM IST",ZEE News,Nupur Sharma Controversy,Pro BJP,Neutral
"नूपुर शर्मा की हत्या की साजिश, पाकिस्तानी घुसपैठिया गिरफ्तार; सामने आया खतरनाक इरादा",Nupur Sharma Murder Conspiracy: भाजपा की पूर्व प्रवक्ता नूपुर शर्मा की हत्या की साजिश का चौंका देने वाला मामला सामने आया है. राजस्थान पुलिस ने श्रीगंगानगर में पाक घुसपैठिये को गिरफ्तार करते हुए ये बड़ा खुलासा किया.,"Jul 19,2022, 17:24 PM IST",ZEE News,Nupur Sharma Controversy,,Pro Hindu
"श्रीगंगानगर से पकड़ा गया पाकिस्तानी घुसपैठिया, नूपुर शर्मा का कत्ल करने आया था",Sri Ganganagar Rajasthan/ Nupur Sharma पैगंबर मोहम्मद साहब को लेकर टीवी डिबेट के दौरान विवादित बयान देने वाली नूपुर शर्मा ने अपनी जान को खतरा बताते हुए सभी FIR दिल्ली में ट्रांसफर करने की मांग की थी और गिरफ्तारी पर भी रोक लगाने की अपील की थी. जिस पर अदालत 10 अगस्त तक उनके खिलाफ कोई कार्रवाई नहीं करने का हुक्म दिया है. इस बीच श्रीगंगानगर से एक बड़ी खबर सामने आ रही है. दरअसल यहां से एक पाकिस्तानी घुसपैठिये को गिरफ्तार किया गया है. जिसको लेकर दावा किया जा रहा है कि वो नूपुर शर्मा का कत्ल करने के मकसद से आया था.,"Jul 19,2022, 17:14 PM IST",ZEE News,Nupur Sharma Controversy,,Pro Hindu
Nupur Sharma Controversy: लगातार धमकियां मिल रही हैं - नूपुर के वकील,पैगंबर मुहम्मद पर दिए विवादित बयान के मामले में नूपुर शर्मा की अर्जी पर आज सुप्रीम कोर्ट में सुनवाई होगी. आपको बता दें कि नूपुर शर्मा के वकील ने कहा है कि नूपुर की जान को खतरा है और उन्हें लगातार धमकियां मिल रही हैं.,"Jul 19,2022, 17:02 PM IST",ZEE News,Nupur Sharma Controversy,,Pro Hindu
"नूपुर को 'सुप्रीम' राहत,जिस बेंच ने की थी सख्त टिप्पणी,उसी ने गिरफ्तारी पर लगाई रोक",बीजेपी की निलंबित प्रवक्ता नूपुर शर्मा को सुप्रीम कोर्ट से बड़ी राहत मिली है.मंगलवार को शीर्ष कोर्ट ने नूपुर शर्मा की याचिका पर सुनवाई करते हुए 10 अगस्त तक गिरफ्तारी पर रोक लगा दी है.,"Jul 19,2022, 16:59 PM IST",ZEE News,Nupur Sharma Controversy,,Neutral
Nupur Sharma को Supreme Court से बड़ी राहत,पैगंबर मुहम्मद पर दिए विवादित बयान के मामले में नूपुर शर्मा को सुप्रीम कोर्ट से बड़ी राहत मिली है. सुप्रीम कोर्ट ने 10 अगस्त तक नूपुर शर्मा की गिरफ्तारी पर रोक लगा दी है. कोर्ट ने कहा है कि अगर नई FIR भी दर्ज होती है तो भी गिरफ्तारी नहीं होगी.,"Jul 19,2022, 16:12 PM IST",ZEE News,Nupur Sharma Controversy,,Neutral
SC में नूपुर की याचिका पर सुनवाई,नूपुर शर्मा की याचिका पर आज सुप्रीम कोर्ट में सुनवाई होगी. नूपुर शर्मा ने कोर्ट से गिरफ्तारी पर रोक लगाने और सभी एफआईआर को दिल्ली ट्रांसफर करने की मांग की है.,"Jul 19,2022, 14:46 PM IST",ZEE News,Nupur Sharma Controversy,,Neutral
नूपुर शर्मा ने सुप्रीम कोर्ट में नई याचिका दायर करके की ये मांग,नूपुर शर्मा की याचिका पर आज सुप्रीम कोर्ट में सुनवाई होगी. नूपुर शर्मा ने कोर्ट से गिरफ्तारी पर रोक लगाने और सभी एफआईआर को दिल्ली ट्रांसफर करने की मांग की है.,"Jul 19,2022, 13:36 PM IST",ZEE News,Nupur Sharma Controversy,,Neutral
Nupur Sharma का वीडियो देखने पर विवाद.दो पक्षों में हुई झड़प,सीतामढ़ी में युवक को नूपुर शर्मा ( Nupur sharma ) का वीडियो देखने पर चाकू मार देने का मामला सामने आया है...जिससे युवक गंभीर रूप से जख्मी हो गया...देखिए पूरी ख़बर...,"Jul 19,2022, 13:11 PM IST",ZEE News,Nupur Sharma Controversy,,Neutral
Nupur Sharma की याचिका पर आज Supreme Court में सुनवाई,BJP की निलंबित प्रवक्ता नूपुर शर्मा ने एक बार फिर से सुप्रीम कोर्ट का दरवाजा खटखटाया है. Nupur Sharma की याचिका पर आज Supreme Court में सुनवाई.. देखिए वीडियो...,"Jul 19,2022, 12:48 PM IST",ZEE News,Nupur Sharma Controversy,,Neutral
नूपुर शर्मा का वीडियो देखने पर युवक पर चाकूओं से किया गया हमला|,बिहार के सीतामढ़ी में एक युवक पर चाकूओं से हमला किया गया. आरोप है कि मोबाइल पर नूपुर शर्मा का वीडियो देखने पर युवक को निशाना बनाया गया. भरे बाजार दौड़ा दौड़ा कर युवक पर हमला किया.,"Jul 19,2022, 10:46 AM IST",ZEE News,Nupur Sharma Controversy,,Neutral